arm	source_contig	source_position_1based	variant_type	source_region	b0_contig	b0_position_1based	b0_region	status	reason
B0	contig_1	228	INDEL	ir_gap_closure_interval	contig_1	228	ir_gap_closure_interval	INCLUDED	COMMON_CALLABLE_UNIQUE_ANCHOR
B0	contig_1	1293	INDEL	ir_gap_closure_interval	contig_1	1293	ir_gap_closure_interval	EXCLUDED	OUTSIDE_COMMON_CALLABLE
B0	contig_1	8763	INDEL	ir_gap_closure_interval	contig_1	8763	ir_gap_closure_interval	EXCLUDED	OUTSIDE_COMMON_CALLABLE
B0	contig_1	10262	INDEL	ir_gap_closure_interval	contig_1	10262	ir_gap_closure_interval	EXCLUDED	OUTSIDE_COMMON_CALLABLE
B0	contig_1	13685	INDEL	ir_gap_closure_interval	contig_1	13685	ir_gap_closure_interval	EXCLUDED	OUTSIDE_COMMON_CALLABLE
B0	contig_1	15361	INDEL	ir_gap_closure_interval	contig_1	15361	ir_gap_closure_interval	EXCLUDED	OUTSIDE_COMMON_CALLABLE
B0	contig_1	17914	INDEL	ir_gap_closure_interval	contig_1	17914	ir_gap_closure_interval	EXCLUDED	OUTSIDE_COMMON_CALLABLE
B0	contig_1	19044	INDEL	ir_gap_closure_interval	contig_1	19044	ir_gap_closure_interval	EXCLUDED	OUTSIDE_COMMON_CALLABLE
B0	contig_1	19398	INDEL	ir_gap_closure_interval	contig_1	19398	ir_gap_closure_interval	EXCLUDED	OUTSIDE_COMMON_CALLABLE
B0	contig_1	20382	INDEL	ir_gap_closure_interval	contig_1	20382	ir_gap_closure_interval	EXCLUDED	OUTSIDE_COMMON_CALLABLE
B0	contig_1	20393	INDEL	ir_gap_closure_interval	contig_1	20393	ir_gap_closure_interval	EXCLUDED	OUTSIDE_COMMON_CALLABLE
B0	contig_1	22924	INDEL	ir_gap_closure_interval	contig_1	22924	ir_gap_closure_interval	EXCLUDED	OUTSIDE_COMMON_CALLABLE
B0	contig_1	24245	INDEL	ir_gap_closure_interval	contig_1	24245	ir_gap_closure_interval	INCLUDED	COMMON_CALLABLE_UNIQUE_ANCHOR
B0	contig_1	24761	INDEL	ir_gap_closure_interval	contig_1	24761	ir_gap_closure_interval	EXCLUDED	OUTSIDE_COMMON_CALLABLE
B0	contig_1	25614	INDEL	ir_gap_closure_interval	contig_1	25614	ir_gap_closure_interval	EXCLUDED	OUTSIDE_COMMON_CALLABLE
B0	contig_1	25747	INDEL	ir_gap_closure_interval	contig_1	25747	ir_gap_closure_interval	EXCLUDED	OUTSIDE_COMMON_CALLABLE
B0	contig_1	25821	INDEL	ir_gap_closure_interval	contig_1	25821	ir_gap_closure_interval	EXCLUDED	OUTSIDE_COMMON_CALLABLE
B0	contig_1	28424	INDEL	ir_gap_closure_interval	contig_1	28424	ir_gap_closure_interval	EXCLUDED	OUTSIDE_COMMON_CALLABLE
B0	contig_1	34213	INDEL	ir_gap_closure_interval	contig_1	34213	ir_gap_closure_interval	EXCLUDED	OUTSIDE_COMMON_CALLABLE
B0	contig_1	34997	INDEL	ir_gap_closure_interval	contig_1	34997	ir_gap_closure_interval	EXCLUDED	OUTSIDE_COMMON_CALLABLE
B0	contig_1	35431	INDEL	ir_gap_closure_interval	contig_1	35431	ir_gap_closure_interval	EXCLUDED	OUTSIDE_COMMON_CALLABLE
B0	contig_1	39245	INDEL	unique_or_unresolved_flank	contig_1	39245	unique_or_unresolved_flank	EXCLUDED	OUTSIDE_COMMON_CALLABLE
B0	contig_1	39347	INDEL	unique_or_unresolved_flank	contig_1	39347	unique_or_unresolved_flank	EXCLUDED	OUTSIDE_COMMON_CALLABLE
B0	contig_1	42317	INDEL	unique_or_unresolved_flank	contig_1	42317	unique_or_unresolved_flank	EXCLUDED	OUTSIDE_COMMON_CALLABLE
B0	contig_1	42640	INDEL	unique_or_unresolved_flank	contig_1	42640	unique_or_unresolved_flank	EXCLUDED	OUTSIDE_COMMON_CALLABLE
B0	contig_1	47363	INDEL	unique_or_unresolved_flank	contig_1	47363	unique_or_unresolved_flank	INCLUDED	COMMON_CALLABLE_UNIQUE_ANCHOR
B0	contig_1	48748	INDEL	unique_or_unresolved_flank	contig_1	48748	unique_or_unresolved_flank	INCLUDED	COMMON_CALLABLE_UNIQUE_ANCHOR
B0	contig_1	49002	INDEL	unique_or_unresolved_flank	contig_1	49002	unique_or_unresolved_flank	INCLUDED	COMMON_CALLABLE_UNIQUE_ANCHOR
B0	contig_1	50000	INDEL	unique_or_unresolved_flank	contig_1	50000	unique_or_unresolved_flank	EXCLUDED	OUTSIDE_COMMON_CALLABLE
B0	contig_1	50783	INDEL	unique_or_unresolved_flank	contig_1	50783	unique_or_unresolved_flank	INCLUDED	COMMON_CALLABLE_UNIQUE_ANCHOR
B0	contig_1	51198	INDEL	unique_or_unresolved_flank	contig_1	51198	unique_or_unresolved_flank	INCLUDED	COMMON_CALLABLE_UNIQUE_ANCHOR
B0	contig_1	51453	INDEL	unique_or_unresolved_flank	contig_1	51453	unique_or_unresolved_flank	INCLUDED	COMMON_CALLABLE_UNIQUE_ANCHOR
B0	contig_1	52337	INDEL	unique_or_unresolved_flank	contig_1	52337	unique_or_unresolved_flank	INCLUDED	COMMON_CALLABLE_UNIQUE_ANCHOR
B0	contig_1	52363	INDEL	unique_or_unresolved_flank	contig_1	52363	unique_or_unresolved_flank	INCLUDED	COMMON_CALLABLE_UNIQUE_ANCHOR
B0	contig_1	52616	INDEL	unique_or_unresolved_flank	contig_1	52616	unique_or_unresolved_flank	INCLUDED	COMMON_CALLABLE_UNIQUE_ANCHOR
B0	contig_1	53123	INDEL	unique_or_unresolved_flank	contig_1	53123	unique_or_unresolved_flank	INCLUDED	COMMON_CALLABLE_UNIQUE_ANCHOR
B0	contig_1	53286	INDEL	unique_or_unresolved_flank	contig_1	53286	unique_or_unresolved_flank	INCLUDED	COMMON_CALLABLE_UNIQUE_ANCHOR
B0	contig_1	53878	INDEL	unique_or_unresolved_flank	contig_1	53878	unique_or_unresolved_flank	INCLUDED	COMMON_CALLABLE_UNIQUE_ANCHOR
B0	contig_1	54808	INDEL	unique_or_unresolved_flank	contig_1	54808	unique_or_unresolved_flank	INCLUDED	COMMON_CALLABLE_UNIQUE_ANCHOR
B0	contig_1	55896	INDEL	unique_or_unresolved_flank	contig_1	55896	unique_or_unresolved_flank	INCLUDED	COMMON_CALLABLE_UNIQUE_ANCHOR
B0	contig_1	56029	INDEL	unique_or_unresolved_flank	contig_1	56029	unique_or_unresolved_flank	INCLUDED	COMMON_CALLABLE_UNIQUE_ANCHOR
B0	contig_1	56752	INDEL	unique_or_unresolved_flank	contig_1	56752	unique_or_unresolved_flank	INCLUDED	COMMON_CALLABLE_UNIQUE_ANCHOR
B0	contig_1	60855	INDEL	unique_or_unresolved_flank	contig_1	60855	unique_or_unresolved_flank	EXCLUDED	OUTSIDE_COMMON_CALLABLE
B0	contig_1	63148	INDEL	unique_or_unresolved_flank	contig_1	63148	unique_or_unresolved_flank	EXCLUDED	OUTSIDE_COMMON_CALLABLE
B0	contig_1	63407	INDEL	unique_or_unresolved_flank	contig_1	63407	unique_or_unresolved_flank	EXCLUDED	OUTSIDE_COMMON_CALLABLE
B0	contig_1	63650	INDEL	unique_or_unresolved_flank	contig_1	63650	unique_or_unresolved_flank	EXCLUDED	OUTSIDE_COMMON_CALLABLE
B0	contig_1	69906	INDEL	unique_or_unresolved_flank	contig_1	69906	unique_or_unresolved_flank	EXCLUDED	OUTSIDE_COMMON_CALLABLE
B0	contig_1	70273	INDEL	unique_or_unresolved_flank	contig_1	70273	unique_or_unresolved_flank	EXCLUDED	OUTSIDE_COMMON_CALLABLE
B0	contig_1	77295	INDEL	unique_or_unresolved_flank	contig_1	77295	unique_or_unresolved_flank	EXCLUDED	OUTSIDE_COMMON_CALLABLE
B0	contig_1	77650	INDEL	unique_or_unresolved_flank	contig_1	77650	unique_or_unresolved_flank	EXCLUDED	OUTSIDE_COMMON_CALLABLE
B0	contig_1	80786	INDEL	unique_or_unresolved_flank	contig_1	80786	unique_or_unresolved_flank	EXCLUDED	OUTSIDE_COMMON_CALLABLE
B0	contig_1	83722	INDEL	unique_or_unresolved_flank	contig_1	83722	unique_or_unresolved_flank	EXCLUDED	OUTSIDE_COMMON_CALLABLE
B0	contig_1	85070	INDEL	unique_or_unresolved_flank	contig_1	85070	unique_or_unresolved_flank	EXCLUDED	OUTSIDE_COMMON_CALLABLE
B0	contig_1	88225	INDEL	unique_or_unresolved_flank	contig_1	88225	unique_or_unresolved_flank	EXCLUDED	OUTSIDE_COMMON_CALLABLE
B0	contig_1	89670	INDEL	unique_or_unresolved_flank	contig_1	89670	unique_or_unresolved_flank	EXCLUDED	OUTSIDE_COMMON_CALLABLE
B0	contig_1	89953	INDEL	unique_or_unresolved_flank	contig_1	89953	unique_or_unresolved_flank	EXCLUDED	OUTSIDE_COMMON_CALLABLE
B0	contig_1	92918	INDEL	unique_or_unresolved_flank	contig_1	92918	unique_or_unresolved_flank	EXCLUDED	OUTSIDE_COMMON_CALLABLE
B0	contig_1	99808	INDEL	unique_or_unresolved_flank	contig_1	99808	unique_or_unresolved_flank	EXCLUDED	OUTSIDE_COMMON_CALLABLE
B0	contig_1	100411	INDEL	unique_or_unresolved_flank	contig_1	100411	unique_or_unresolved_flank	EXCLUDED	OUTSIDE_COMMON_CALLABLE
B0	contig_2	49	INDEL	unique_or_unresolved_flank	contig_2	49	unique_or_unresolved_flank	INCLUDED	COMMON_CALLABLE_UNIQUE_ANCHOR
B0	contig_2	226	INDEL	unique_or_unresolved_flank	contig_2	226	unique_or_unresolved_flank	INCLUDED	COMMON_CALLABLE_UNIQUE_ANCHOR
B0	contig_2	338	INDEL	unique_or_unresolved_flank	contig_2	338	unique_or_unresolved_flank	INCLUDED	COMMON_CALLABLE_UNIQUE_ANCHOR
B0	contig_2	2032	INDEL	unique_or_unresolved_flank	contig_2	2032	unique_or_unresolved_flank	INCLUDED	COMMON_CALLABLE_UNIQUE_ANCHOR
B0	contig_2	2192	INDEL	unique_or_unresolved_flank	contig_2	2192	unique_or_unresolved_flank	INCLUDED	COMMON_CALLABLE_UNIQUE_ANCHOR
B0	contig_2	2504	INDEL	unique_or_unresolved_flank	contig_2	2504	unique_or_unresolved_flank	INCLUDED	COMMON_CALLABLE_UNIQUE_ANCHOR
B0	contig_2	3168	INDEL	unique_or_unresolved_flank	contig_2	3168	unique_or_unresolved_flank	INCLUDED	COMMON_CALLABLE_UNIQUE_ANCHOR
B0	contig_2	3502	INDEL	unique_or_unresolved_flank	contig_2	3502	unique_or_unresolved_flank	INCLUDED	COMMON_CALLABLE_UNIQUE_ANCHOR
B0	contig_2	4086	INDEL	unique_or_unresolved_flank	contig_2	4086	unique_or_unresolved_flank	INCLUDED	COMMON_CALLABLE_UNIQUE_ANCHOR
B0	contig_2	4379	INDEL	unique_or_unresolved_flank	contig_2	4379	unique_or_unresolved_flank	INCLUDED	COMMON_CALLABLE_UNIQUE_ANCHOR
B0	contig_2	4777	INDEL	unique_or_unresolved_flank	contig_2	4777	unique_or_unresolved_flank	INCLUDED	COMMON_CALLABLE_UNIQUE_ANCHOR
B0	contig_2	5075	INDEL	unique_or_unresolved_flank	contig_2	5075	unique_or_unresolved_flank	INCLUDED	COMMON_CALLABLE_UNIQUE_ANCHOR
B0	contig_2	7313	INDEL	unique_or_unresolved_flank	contig_2	7313	unique_or_unresolved_flank	INCLUDED	COMMON_CALLABLE_UNIQUE_ANCHOR
B0	contig_2	7482	INDEL	unique_or_unresolved_flank	contig_2	7482	unique_or_unresolved_flank	INCLUDED	COMMON_CALLABLE_UNIQUE_ANCHOR
B0	contig_2	7592	INDEL	unique_or_unresolved_flank	contig_2	7592	unique_or_unresolved_flank	INCLUDED	COMMON_CALLABLE_UNIQUE_ANCHOR
B0	contig_2	7796	INDEL	unique_or_unresolved_flank	contig_2	7796	unique_or_unresolved_flank	INCLUDED	COMMON_CALLABLE_UNIQUE_ANCHOR
B0	contig_2	7939	INDEL	unique_or_unresolved_flank	contig_2	7939	unique_or_unresolved_flank	INCLUDED	COMMON_CALLABLE_UNIQUE_ANCHOR
B0	contig_2	8475	INDEL	unique_or_unresolved_flank	contig_2	8475	unique_or_unresolved_flank	INCLUDED	COMMON_CALLABLE_UNIQUE_ANCHOR
B0	contig_2	9198	INDEL	unique_or_unresolved_flank	contig_2	9198	unique_or_unresolved_flank	INCLUDED	COMMON_CALLABLE_UNIQUE_ANCHOR
B0	contig_2	10216	INDEL	unique_or_unresolved_flank	contig_2	10216	unique_or_unresolved_flank	INCLUDED	COMMON_CALLABLE_UNIQUE_ANCHOR
B0	contig_2	10341	INDEL	unique_or_unresolved_flank	contig_2	10341	unique_or_unresolved_flank	INCLUDED	COMMON_CALLABLE_UNIQUE_ANCHOR
B0	contig_2	10474	INDEL	unique_or_unresolved_flank	contig_2	10474	unique_or_unresolved_flank	INCLUDED	COMMON_CALLABLE_UNIQUE_ANCHOR
B0	contig_2	11613	INDEL	unique_or_unresolved_flank	contig_2	11613	unique_or_unresolved_flank	INCLUDED	COMMON_CALLABLE_UNIQUE_ANCHOR
B0	contig_2	11703	INDEL	unique_or_unresolved_flank	contig_2	11703	unique_or_unresolved_flank	INCLUDED	COMMON_CALLABLE_UNIQUE_ANCHOR
B0	contig_2	11975	INDEL	unique_or_unresolved_flank	contig_2	11975	unique_or_unresolved_flank	INCLUDED	COMMON_CALLABLE_UNIQUE_ANCHOR
B0	contig_2	12210	INDEL	unique_or_unresolved_flank	contig_2	12210	unique_or_unresolved_flank	INCLUDED	COMMON_CALLABLE_UNIQUE_ANCHOR
B0	contig_2	13836	INDEL	unique_or_unresolved_flank	contig_2	13836	unique_or_unresolved_flank	INCLUDED	COMMON_CALLABLE_UNIQUE_ANCHOR
B0	contig_2	14516	INDEL	unique_or_unresolved_flank	contig_2	14516	unique_or_unresolved_flank	INCLUDED	COMMON_CALLABLE_UNIQUE_ANCHOR
B0	contig_2	14557	INDEL	unique_or_unresolved_flank	contig_2	14557	unique_or_unresolved_flank	INCLUDED	COMMON_CALLABLE_UNIQUE_ANCHOR
B0	contig_2	14844	INDEL	unique_or_unresolved_flank	contig_2	14844	unique_or_unresolved_flank	INCLUDED	COMMON_CALLABLE_UNIQUE_ANCHOR
B0	contig_2	15441	INDEL	unique_or_unresolved_flank	contig_2	15441	unique_or_unresolved_flank	INCLUDED	COMMON_CALLABLE_UNIQUE_ANCHOR
B0	contig_2	16687	INDEL	unique_or_unresolved_flank	contig_2	16687	unique_or_unresolved_flank	INCLUDED	COMMON_CALLABLE_UNIQUE_ANCHOR
B0	contig_2	17210	INDEL	unique_or_unresolved_flank	contig_2	17210	unique_or_unresolved_flank	INCLUDED	COMMON_CALLABLE_UNIQUE_ANCHOR
B0	contig_2	17364	INDEL	unique_or_unresolved_flank	contig_2	17364	unique_or_unresolved_flank	INCLUDED	COMMON_CALLABLE_UNIQUE_ANCHOR
B0	contig_2	17735	INDEL	unique_or_unresolved_flank	contig_2	17735	unique_or_unresolved_flank	INCLUDED	COMMON_CALLABLE_UNIQUE_ANCHOR
B0	contig_2	17851	INDEL	unique_or_unresolved_flank	contig_2	17851	unique_or_unresolved_flank	INCLUDED	COMMON_CALLABLE_UNIQUE_ANCHOR
B0	contig_2	18097	INDEL	unique_or_unresolved_flank	contig_2	18097	unique_or_unresolved_flank	INCLUDED	COMMON_CALLABLE_UNIQUE_ANCHOR
B0	contig_2	20316	INDEL	unique_or_unresolved_flank	contig_2	20316	unique_or_unresolved_flank	INCLUDED	COMMON_CALLABLE_UNIQUE_ANCHOR
B0	contig_2	20412	INDEL	unique_or_unresolved_flank	contig_2	20412	unique_or_unresolved_flank	INCLUDED	COMMON_CALLABLE_UNIQUE_ANCHOR
B0	contig_2	20854	INDEL	unique_or_unresolved_flank	contig_2	20854	unique_or_unresolved_flank	INCLUDED	COMMON_CALLABLE_UNIQUE_ANCHOR
B0	contig_2	21727	INDEL	unique_or_unresolved_flank	contig_2	21727	unique_or_unresolved_flank	INCLUDED	COMMON_CALLABLE_UNIQUE_ANCHOR
B0	contig_2	22376	INDEL	unique_or_unresolved_flank	contig_2	22376	unique_or_unresolved_flank	INCLUDED	COMMON_CALLABLE_UNIQUE_ANCHOR
B0	contig_2	22762	INDEL	unique_or_unresolved_flank	contig_2	22762	unique_or_unresolved_flank	INCLUDED	COMMON_CALLABLE_UNIQUE_ANCHOR
B0	contig_2	23259	INDEL	unique_or_unresolved_flank	contig_2	23259	unique_or_unresolved_flank	INCLUDED	COMMON_CALLABLE_UNIQUE_ANCHOR
B0	contig_2	23404	INDEL	unique_or_unresolved_flank	contig_2	23404	unique_or_unresolved_flank	INCLUDED	COMMON_CALLABLE_UNIQUE_ANCHOR
B0	contig_2	24933	INDEL	unique_or_unresolved_flank	contig_2	24933	unique_or_unresolved_flank	INCLUDED	COMMON_CALLABLE_UNIQUE_ANCHOR
B0	contig_2	25010	INDEL	unique_or_unresolved_flank	contig_2	25010	unique_or_unresolved_flank	INCLUDED	COMMON_CALLABLE_UNIQUE_ANCHOR
B0	contig_2	25115	INDEL	unique_or_unresolved_flank	contig_2	25115	unique_or_unresolved_flank	INCLUDED	COMMON_CALLABLE_UNIQUE_ANCHOR
B0	contig_2	25636	INDEL	unique_or_unresolved_flank	contig_2	25636	unique_or_unresolved_flank	INCLUDED	COMMON_CALLABLE_UNIQUE_ANCHOR
B0	contig_2	26031	INDEL	unique_or_unresolved_flank	contig_2	26031	unique_or_unresolved_flank	INCLUDED	COMMON_CALLABLE_UNIQUE_ANCHOR
B0	contig_2	26942	INDEL	unique_or_unresolved_flank	contig_2	26942	unique_or_unresolved_flank	INCLUDED	COMMON_CALLABLE_UNIQUE_ANCHOR
B0	contig_2	27224	INDEL	unique_or_unresolved_flank	contig_2	27224	unique_or_unresolved_flank	INCLUDED	COMMON_CALLABLE_UNIQUE_ANCHOR
B0	contig_2	27642	INDEL	unique_or_unresolved_flank	contig_2	27642	unique_or_unresolved_flank	INCLUDED	COMMON_CALLABLE_UNIQUE_ANCHOR
B0	contig_2	28874	INDEL	unique_or_unresolved_flank	contig_2	28874	unique_or_unresolved_flank	INCLUDED	COMMON_CALLABLE_UNIQUE_ANCHOR
B0	contig_2	29123	INDEL	unique_or_unresolved_flank	contig_2	29123	unique_or_unresolved_flank	INCLUDED	COMMON_CALLABLE_UNIQUE_ANCHOR
B0	contig_2	29907	INDEL	unique_or_unresolved_flank	contig_2	29907	unique_or_unresolved_flank	INCLUDED	COMMON_CALLABLE_UNIQUE_ANCHOR
B0	contig_2	32591	INDEL	unique_or_unresolved_flank	contig_2	32591	unique_or_unresolved_flank	INCLUDED	COMMON_CALLABLE_UNIQUE_ANCHOR
B0	contig_2	32908	INDEL	unique_or_unresolved_flank	contig_2	32908	unique_or_unresolved_flank	INCLUDED	COMMON_CALLABLE_UNIQUE_ANCHOR
B0	contig_2	33003	INDEL	unique_or_unresolved_flank	contig_2	33003	unique_or_unresolved_flank	EXCLUDED	OUTSIDE_COMMON_CALLABLE
B0	contig_2	33036	INDEL	unique_or_unresolved_flank	contig_2	33036	unique_or_unresolved_flank	INCLUDED	COMMON_CALLABLE_UNIQUE_ANCHOR
B0	contig_2	33340	INDEL	unique_or_unresolved_flank	contig_2	33340	unique_or_unresolved_flank	INCLUDED	COMMON_CALLABLE_UNIQUE_ANCHOR
B0	contig_2	33953	INDEL	unique_or_unresolved_flank	contig_2	33953	unique_or_unresolved_flank	INCLUDED	COMMON_CALLABLE_UNIQUE_ANCHOR
B0	contig_2	35047	INDEL	unique_or_unresolved_flank	contig_2	35047	unique_or_unresolved_flank	INCLUDED	COMMON_CALLABLE_UNIQUE_ANCHOR
B0	contig_2	35472	INDEL	unique_or_unresolved_flank	contig_2	35472	unique_or_unresolved_flank	INCLUDED	COMMON_CALLABLE_UNIQUE_ANCHOR
B0	contig_2	36088	INDEL	unique_or_unresolved_flank	contig_2	36088	unique_or_unresolved_flank	INCLUDED	COMMON_CALLABLE_UNIQUE_ANCHOR
B0	contig_2	38036	INDEL	unique_or_unresolved_flank	contig_2	38036	unique_or_unresolved_flank	INCLUDED	COMMON_CALLABLE_UNIQUE_ANCHOR
B0	contig_2	38501	INDEL	unique_or_unresolved_flank	contig_2	38501	unique_or_unresolved_flank	INCLUDED	COMMON_CALLABLE_UNIQUE_ANCHOR
B0	contig_2	38787	INDEL	unique_or_unresolved_flank	contig_2	38787	unique_or_unresolved_flank	INCLUDED	COMMON_CALLABLE_UNIQUE_ANCHOR
B0	contig_2	39549	INDEL	unique_or_unresolved_flank	contig_2	39549	unique_or_unresolved_flank	INCLUDED	COMMON_CALLABLE_UNIQUE_ANCHOR
B0	contig_2	40509	INDEL	unique_or_unresolved_flank	contig_2	40509	unique_or_unresolved_flank	INCLUDED	COMMON_CALLABLE_UNIQUE_ANCHOR
B0	contig_2	40607	INDEL	unique_or_unresolved_flank	contig_2	40607	unique_or_unresolved_flank	INCLUDED	COMMON_CALLABLE_UNIQUE_ANCHOR
B0	contig_2	40722	INDEL	unique_or_unresolved_flank	contig_2	40722	unique_or_unresolved_flank	EXCLUDED	OUTSIDE_COMMON_CALLABLE
B0	contig_2	41042	INDEL	unique_or_unresolved_flank	contig_2	41042	unique_or_unresolved_flank	INCLUDED	COMMON_CALLABLE_UNIQUE_ANCHOR
B0	contig_2	41454	INDEL	unique_or_unresolved_flank	contig_2	41454	unique_or_unresolved_flank	INCLUDED	COMMON_CALLABLE_UNIQUE_ANCHOR
B0	contig_2	41910	INDEL	unique_or_unresolved_flank	contig_2	41910	unique_or_unresolved_flank	INCLUDED	COMMON_CALLABLE_UNIQUE_ANCHOR
B0	contig_2	41982	INDEL	unique_or_unresolved_flank	contig_2	41982	unique_or_unresolved_flank	INCLUDED	COMMON_CALLABLE_UNIQUE_ANCHOR
B0	contig_2	42050	INDEL	unique_or_unresolved_flank	contig_2	42050	unique_or_unresolved_flank	INCLUDED	COMMON_CALLABLE_UNIQUE_ANCHOR
B0	contig_2	42341	INDEL	unique_or_unresolved_flank	contig_2	42341	unique_or_unresolved_flank	INCLUDED	COMMON_CALLABLE_UNIQUE_ANCHOR
B0	contig_2	42503	INDEL	unique_or_unresolved_flank	contig_2	42503	unique_or_unresolved_flank	INCLUDED	COMMON_CALLABLE_UNIQUE_ANCHOR
B0	contig_2	44709	INDEL	unique_or_unresolved_flank	contig_2	44709	unique_or_unresolved_flank	INCLUDED	COMMON_CALLABLE_UNIQUE_ANCHOR
B0	contig_2	45656	INDEL	unique_or_unresolved_flank	contig_2	45656	unique_or_unresolved_flank	INCLUDED	COMMON_CALLABLE_UNIQUE_ANCHOR
B0	contig_2	46544	INDEL	unique_or_unresolved_flank	contig_2	46544	unique_or_unresolved_flank	INCLUDED	COMMON_CALLABLE_UNIQUE_ANCHOR
B0	contig_2	47568	INDEL	unique_or_unresolved_flank	contig_2	47568	unique_or_unresolved_flank	INCLUDED	COMMON_CALLABLE_UNIQUE_ANCHOR
B0	contig_2	49601	INDEL	unique_or_unresolved_flank	contig_2	49601	unique_or_unresolved_flank	INCLUDED	COMMON_CALLABLE_UNIQUE_ANCHOR
B0	contig_2	49925	INDEL	unique_or_unresolved_flank	contig_2	49925	unique_or_unresolved_flank	INCLUDED	COMMON_CALLABLE_UNIQUE_ANCHOR
B0	contig_2	50079	INDEL	unique_or_unresolved_flank	contig_2	50079	unique_or_unresolved_flank	INCLUDED	COMMON_CALLABLE_UNIQUE_ANCHOR
B0	contig_2	50213	INDEL	unique_or_unresolved_flank	contig_2	50213	unique_or_unresolved_flank	INCLUDED	COMMON_CALLABLE_UNIQUE_ANCHOR
B0	contig_2	50801	INDEL	unique_or_unresolved_flank	contig_2	50801	unique_or_unresolved_flank	INCLUDED	COMMON_CALLABLE_UNIQUE_ANCHOR
B0	contig_2	51072	INDEL	unique_or_unresolved_flank	contig_2	51072	unique_or_unresolved_flank	INCLUDED	COMMON_CALLABLE_UNIQUE_ANCHOR
B0	contig_2	53064	INDEL	unique_or_unresolved_flank	contig_2	53064	unique_or_unresolved_flank	INCLUDED	COMMON_CALLABLE_UNIQUE_ANCHOR
B0	contig_2	53252	INDEL	unique_or_unresolved_flank	contig_2	53252	unique_or_unresolved_flank	INCLUDED	COMMON_CALLABLE_UNIQUE_ANCHOR
B0	contig_2	53386	INDEL	unique_or_unresolved_flank	contig_2	53386	unique_or_unresolved_flank	INCLUDED	COMMON_CALLABLE_UNIQUE_ANCHOR
B0	contig_2	54675	INDEL	unique_or_unresolved_flank	contig_2	54675	unique_or_unresolved_flank	INCLUDED	COMMON_CALLABLE_UNIQUE_ANCHOR
B0	contig_2	55305	INDEL	unique_or_unresolved_flank	contig_2	55305	unique_or_unresolved_flank	INCLUDED	COMMON_CALLABLE_UNIQUE_ANCHOR
B0	contig_2	55566	INDEL	unique_or_unresolved_flank	contig_2	55566	unique_or_unresolved_flank	INCLUDED	COMMON_CALLABLE_UNIQUE_ANCHOR
B0	contig_2	55991	INDEL	unique_or_unresolved_flank	contig_2	55991	unique_or_unresolved_flank	INCLUDED	COMMON_CALLABLE_UNIQUE_ANCHOR
B0	contig_2	56022	INDEL	unique_or_unresolved_flank	contig_2	56022	unique_or_unresolved_flank	INCLUDED	COMMON_CALLABLE_UNIQUE_ANCHOR
B0	contig_2	56878	INDEL	unique_or_unresolved_flank	contig_2	56878	unique_or_unresolved_flank	INCLUDED	COMMON_CALLABLE_UNIQUE_ANCHOR
B0	contig_2	56996	INDEL	unique_or_unresolved_flank	contig_2	56996	unique_or_unresolved_flank	INCLUDED	COMMON_CALLABLE_UNIQUE_ANCHOR
B0	contig_2	57391	INDEL	unique_or_unresolved_flank	contig_2	57391	unique_or_unresolved_flank	INCLUDED	COMMON_CALLABLE_UNIQUE_ANCHOR
B0	contig_2	58058	INDEL	unique_or_unresolved_flank	contig_2	58058	unique_or_unresolved_flank	INCLUDED	COMMON_CALLABLE_UNIQUE_ANCHOR
B0	contig_2	59077	INDEL	unique_or_unresolved_flank	contig_2	59077	unique_or_unresolved_flank	INCLUDED	COMMON_CALLABLE_UNIQUE_ANCHOR
B0	contig_2	59177	INDEL	unique_or_unresolved_flank	contig_2	59177	unique_or_unresolved_flank	INCLUDED	COMMON_CALLABLE_UNIQUE_ANCHOR
B0	contig_2	59841	INDEL	unique_or_unresolved_flank	contig_2	59841	unique_or_unresolved_flank	INCLUDED	COMMON_CALLABLE_UNIQUE_ANCHOR
B0	contig_2	61680	INDEL	unique_or_unresolved_flank	contig_2	61680	unique_or_unresolved_flank	INCLUDED	COMMON_CALLABLE_UNIQUE_ANCHOR
B0	contig_2	62025	INDEL	unique_or_unresolved_flank	contig_2	62025	unique_or_unresolved_flank	INCLUDED	COMMON_CALLABLE_UNIQUE_ANCHOR
B0	contig_2	63303	INDEL	unique_or_unresolved_flank	contig_2	63303	unique_or_unresolved_flank	INCLUDED	COMMON_CALLABLE_UNIQUE_ANCHOR
B0	contig_2	63326	INDEL	unique_or_unresolved_flank	contig_2	63326	unique_or_unresolved_flank	INCLUDED	COMMON_CALLABLE_UNIQUE_ANCHOR
B0	contig_2	64384	INDEL	unique_or_unresolved_flank	contig_2	64384	unique_or_unresolved_flank	INCLUDED	COMMON_CALLABLE_UNIQUE_ANCHOR
B0	contig_2	64622	INDEL	unique_or_unresolved_flank	contig_2	64622	unique_or_unresolved_flank	INCLUDED	COMMON_CALLABLE_UNIQUE_ANCHOR
B0	contig_2	64740	INDEL	unique_or_unresolved_flank	contig_2	64740	unique_or_unresolved_flank	INCLUDED	COMMON_CALLABLE_UNIQUE_ANCHOR
B0	contig_2	65689	INDEL	unique_or_unresolved_flank	contig_2	65689	unique_or_unresolved_flank	INCLUDED	COMMON_CALLABLE_UNIQUE_ANCHOR
B0	contig_2	65761	INDEL	unique_or_unresolved_flank	contig_2	65761	unique_or_unresolved_flank	INCLUDED	COMMON_CALLABLE_UNIQUE_ANCHOR
B0	contig_2	66661	INDEL	unique_or_unresolved_flank	contig_2	66661	unique_or_unresolved_flank	INCLUDED	COMMON_CALLABLE_UNIQUE_ANCHOR
B0	contig_2	67474	INDEL	unique_or_unresolved_flank	contig_2	67474	unique_or_unresolved_flank	INCLUDED	COMMON_CALLABLE_UNIQUE_ANCHOR
B0	contig_2	67711	INDEL	unique_or_unresolved_flank	contig_2	67711	unique_or_unresolved_flank	INCLUDED	COMMON_CALLABLE_UNIQUE_ANCHOR
B0	contig_2	67841	INDEL	unique_or_unresolved_flank	contig_2	67841	unique_or_unresolved_flank	INCLUDED	COMMON_CALLABLE_UNIQUE_ANCHOR
B0	contig_2	67975	INDEL	unique_or_unresolved_flank	contig_2	67975	unique_or_unresolved_flank	INCLUDED	COMMON_CALLABLE_UNIQUE_ANCHOR
B0	contig_2	67993	INDEL	unique_or_unresolved_flank	contig_2	67993	unique_or_unresolved_flank	INCLUDED	COMMON_CALLABLE_UNIQUE_ANCHOR
B0	contig_2	68323	INDEL	unique_or_unresolved_flank	contig_2	68323	unique_or_unresolved_flank	INCLUDED	COMMON_CALLABLE_UNIQUE_ANCHOR
B0	contig_2	68819	INDEL	unique_or_unresolved_flank	contig_2	68819	unique_or_unresolved_flank	INCLUDED	COMMON_CALLABLE_UNIQUE_ANCHOR
B0	contig_2	70385	INDEL	unique_or_unresolved_flank	contig_2	70385	unique_or_unresolved_flank	INCLUDED	COMMON_CALLABLE_UNIQUE_ANCHOR
B0	contig_2	70694	INDEL	unique_or_unresolved_flank	contig_2	70694	unique_or_unresolved_flank	INCLUDED	COMMON_CALLABLE_UNIQUE_ANCHOR
B0	contig_2	71010	INDEL	unique_or_unresolved_flank	contig_2	71010	unique_or_unresolved_flank	INCLUDED	COMMON_CALLABLE_UNIQUE_ANCHOR
B0	contig_2	71310	INDEL	unique_or_unresolved_flank	contig_2	71310	unique_or_unresolved_flank	INCLUDED	COMMON_CALLABLE_UNIQUE_ANCHOR
B0	contig_2	71492	INDEL	unique_or_unresolved_flank	contig_2	71492	unique_or_unresolved_flank	INCLUDED	COMMON_CALLABLE_UNIQUE_ANCHOR
B0	contig_2	71501	INDEL	unique_or_unresolved_flank	contig_2	71501	unique_or_unresolved_flank	INCLUDED	COMMON_CALLABLE_UNIQUE_ANCHOR
B0	contig_2	72585	INDEL	unique_or_unresolved_flank	contig_2	72585	unique_or_unresolved_flank	INCLUDED	COMMON_CALLABLE_UNIQUE_ANCHOR
B0	contig_2	72652	INDEL	unique_or_unresolved_flank	contig_2	72652	unique_or_unresolved_flank	INCLUDED	COMMON_CALLABLE_UNIQUE_ANCHOR
B0	contig_2	73242	INDEL	unique_or_unresolved_flank	contig_2	73242	unique_or_unresolved_flank	INCLUDED	COMMON_CALLABLE_UNIQUE_ANCHOR
B0	contig_2	73623	INDEL	unique_or_unresolved_flank	contig_2	73623	unique_or_unresolved_flank	INCLUDED	COMMON_CALLABLE_UNIQUE_ANCHOR
B0	contig_2	73721	INDEL	unique_or_unresolved_flank	contig_2	73721	unique_or_unresolved_flank	INCLUDED	COMMON_CALLABLE_UNIQUE_ANCHOR
B0	contig_2	73969	INDEL	unique_or_unresolved_flank	contig_2	73969	unique_or_unresolved_flank	INCLUDED	COMMON_CALLABLE_UNIQUE_ANCHOR
B0	contig_2	73971	SNV	unique_or_unresolved_flank	contig_2	73971	unique_or_unresolved_flank	INCLUDED	COMMON_CALLABLE_UNIQUE_ANCHOR
B0	contig_2	74784	INDEL	unique_or_unresolved_flank	contig_2	74784	unique_or_unresolved_flank	INCLUDED	COMMON_CALLABLE_UNIQUE_ANCHOR
B0	contig_2	74971	INDEL	unique_or_unresolved_flank	contig_2	74971	unique_or_unresolved_flank	INCLUDED	COMMON_CALLABLE_UNIQUE_ANCHOR
B0	contig_2	75558	INDEL	unique_or_unresolved_flank	contig_2	75558	unique_or_unresolved_flank	INCLUDED	COMMON_CALLABLE_UNIQUE_ANCHOR
B0	contig_2	75960	INDEL	unique_or_unresolved_flank	contig_2	75960	unique_or_unresolved_flank	INCLUDED	COMMON_CALLABLE_UNIQUE_ANCHOR
B0	contig_2	76070	INDEL	unique_or_unresolved_flank	contig_2	76070	unique_or_unresolved_flank	INCLUDED	COMMON_CALLABLE_UNIQUE_ANCHOR
B0	contig_2	76255	INDEL	unique_or_unresolved_flank	contig_2	76255	unique_or_unresolved_flank	INCLUDED	COMMON_CALLABLE_UNIQUE_ANCHOR
B0	contig_2	77085	INDEL	unique_or_unresolved_flank	contig_2	77085	unique_or_unresolved_flank	INCLUDED	COMMON_CALLABLE_UNIQUE_ANCHOR
B0	contig_2	78323	INDEL	unique_or_unresolved_flank	contig_2	78323	unique_or_unresolved_flank	INCLUDED	COMMON_CALLABLE_UNIQUE_ANCHOR
B0	contig_2	79776	INDEL	unique_or_unresolved_flank	contig_2	79776	unique_or_unresolved_flank	INCLUDED	COMMON_CALLABLE_UNIQUE_ANCHOR
B0	contig_2	80317	INDEL	unique_or_unresolved_flank	contig_2	80317	unique_or_unresolved_flank	INCLUDED	COMMON_CALLABLE_UNIQUE_ANCHOR
B0	contig_2	80610	INDEL	unique_or_unresolved_flank	contig_2	80610	unique_or_unresolved_flank	INCLUDED	COMMON_CALLABLE_UNIQUE_ANCHOR
B0	contig_2	80862	INDEL	unique_or_unresolved_flank	contig_2	80862	unique_or_unresolved_flank	INCLUDED	COMMON_CALLABLE_UNIQUE_ANCHOR
B0	contig_2	81165	INDEL	unique_or_unresolved_flank	contig_2	81165	unique_or_unresolved_flank	INCLUDED	COMMON_CALLABLE_UNIQUE_ANCHOR
B0	contig_2	81214	INDEL	unique_or_unresolved_flank	contig_2	81214	unique_or_unresolved_flank	INCLUDED	COMMON_CALLABLE_UNIQUE_ANCHOR
B0	contig_2	81330	INDEL	unique_or_unresolved_flank	contig_2	81330	unique_or_unresolved_flank	INCLUDED	COMMON_CALLABLE_UNIQUE_ANCHOR
B0	contig_2	81373	INDEL	unique_or_unresolved_flank	contig_2	81373	unique_or_unresolved_flank	INCLUDED	COMMON_CALLABLE_UNIQUE_ANCHOR
B0	contig_2	82504	INDEL	unique_or_unresolved_flank	contig_2	82504	unique_or_unresolved_flank	INCLUDED	COMMON_CALLABLE_UNIQUE_ANCHOR
B0	contig_2	84073	INDEL	unique_or_unresolved_flank	contig_2	84073	unique_or_unresolved_flank	INCLUDED	COMMON_CALLABLE_UNIQUE_ANCHOR
B0	contig_2	84280	INDEL	unique_or_unresolved_flank	contig_2	84280	unique_or_unresolved_flank	INCLUDED	COMMON_CALLABLE_UNIQUE_ANCHOR
B0	contig_2	84379	INDEL	unique_or_unresolved_flank	contig_2	84379	unique_or_unresolved_flank	INCLUDED	COMMON_CALLABLE_UNIQUE_ANCHOR
B0	contig_2	85671	INDEL	unique_or_unresolved_flank	contig_2	85671	unique_or_unresolved_flank	INCLUDED	COMMON_CALLABLE_UNIQUE_ANCHOR
B0	contig_2	85927	INDEL	unique_or_unresolved_flank	contig_2	85927	unique_or_unresolved_flank	INCLUDED	COMMON_CALLABLE_UNIQUE_ANCHOR
B0	contig_2	86238	INDEL	unique_or_unresolved_flank	contig_2	86238	unique_or_unresolved_flank	INCLUDED	COMMON_CALLABLE_UNIQUE_ANCHOR
B0	contig_2	86585	INDEL	unique_or_unresolved_flank	contig_2	86585	unique_or_unresolved_flank	INCLUDED	COMMON_CALLABLE_UNIQUE_ANCHOR
B0	contig_2	86999	INDEL	unique_or_unresolved_flank	contig_2	86999	unique_or_unresolved_flank	INCLUDED	COMMON_CALLABLE_UNIQUE_ANCHOR
B0	contig_2	88471	INDEL	unique_or_unresolved_flank	contig_2	88471	unique_or_unresolved_flank	INCLUDED	COMMON_CALLABLE_UNIQUE_ANCHOR
B0	contig_2	88491	INDEL	unique_or_unresolved_flank	contig_2	88491	unique_or_unresolved_flank	INCLUDED	COMMON_CALLABLE_UNIQUE_ANCHOR
B0	contig_2	89614	INDEL	unique_or_unresolved_flank	contig_2	89614	unique_or_unresolved_flank	INCLUDED	COMMON_CALLABLE_UNIQUE_ANCHOR
B0	contig_2	90691	INDEL	unique_or_unresolved_flank	contig_2	90691	unique_or_unresolved_flank	INCLUDED	COMMON_CALLABLE_UNIQUE_ANCHOR
B0	contig_2	91179	INDEL	unique_or_unresolved_flank	contig_2	91179	unique_or_unresolved_flank	INCLUDED	COMMON_CALLABLE_UNIQUE_ANCHOR
B0	contig_2	91205	INDEL	unique_or_unresolved_flank	contig_2	91205	unique_or_unresolved_flank	INCLUDED	COMMON_CALLABLE_UNIQUE_ANCHOR
B0	contig_2	91753	INDEL	unique_or_unresolved_flank	contig_2	91753	unique_or_unresolved_flank	INCLUDED	COMMON_CALLABLE_UNIQUE_ANCHOR
B0	contig_2	92357	INDEL	unique_or_unresolved_flank	contig_2	92357	unique_or_unresolved_flank	INCLUDED	COMMON_CALLABLE_UNIQUE_ANCHOR
B0	contig_2	92792	INDEL	unique_or_unresolved_flank	contig_2	92792	unique_or_unresolved_flank	INCLUDED	COMMON_CALLABLE_UNIQUE_ANCHOR
B0	contig_2	93150	INDEL	unique_or_unresolved_flank	contig_2	93150	unique_or_unresolved_flank	INCLUDED	COMMON_CALLABLE_UNIQUE_ANCHOR
B0	contig_2	94169	INDEL	unique_or_unresolved_flank	contig_2	94169	unique_or_unresolved_flank	INCLUDED	COMMON_CALLABLE_UNIQUE_ANCHOR
B0	contig_2	94862	INDEL	unique_or_unresolved_flank	contig_2	94862	unique_or_unresolved_flank	INCLUDED	COMMON_CALLABLE_UNIQUE_ANCHOR
B0	contig_2	95709	INDEL	unique_or_unresolved_flank	contig_2	95709	unique_or_unresolved_flank	INCLUDED	COMMON_CALLABLE_UNIQUE_ANCHOR
R1	contig_1	3493	INDEL	ir_gap_closure_interval	contig_1	3495	ir_gap_closure_interval	EXCLUDED	OUTSIDE_COMMON_CALLABLE
R1	contig_1	6965	INDEL	ir_gap_closure_interval	contig_1	6959	ir_gap_closure_interval	EXCLUDED	OUTSIDE_COMMON_CALLABLE
R1	contig_1	26496	INDEL	ir_gap_closure_interval	contig_1	26468	ir_gap_closure_interval	EXCLUDED	OUTSIDE_COMMON_CALLABLE
R1	contig_1	48816	INDEL	unique_or_unresolved_flank	contig_1	48748	unique_or_unresolved_flank	INCLUDED	COMMON_CALLABLE_UNIQUE_ANCHOR
R1	contig_1	49016	INDEL	unique_or_unresolved_flank	contig_1	48948	unique_or_unresolved_flank	INCLUDED	COMMON_CALLABLE_UNIQUE_ANCHOR
R1	contig_1	50069	INDEL	NOT_EVALUABLE				EXCLUDED	SOURCE_NOT_EVALUABLE
R1	contig_1	50520	INDEL	unique_or_unresolved_flank	contig_1	50445	unique_or_unresolved_flank	INCLUDED	COMMON_CALLABLE_UNIQUE_ANCHOR
R1	contig_1	51018	INDEL	unique_or_unresolved_flank	contig_1	50944	unique_or_unresolved_flank	INCLUDED	COMMON_CALLABLE_UNIQUE_ANCHOR
R1	contig_1	51271	INDEL	unique_or_unresolved_flank	contig_1	51198	unique_or_unresolved_flank	INCLUDED	COMMON_CALLABLE_UNIQUE_ANCHOR
R1	contig_1	51514	INDEL	unique_or_unresolved_flank	contig_1	51441	unique_or_unresolved_flank	INCLUDED	COMMON_CALLABLE_UNIQUE_ANCHOR
R1	contig_1	52514	INDEL	unique_or_unresolved_flank	contig_1	52439	unique_or_unresolved_flank	INCLUDED	COMMON_CALLABLE_UNIQUE_ANCHOR
R1	contig_1	53354	INDEL	unique_or_unresolved_flank	contig_1	53278	unique_or_unresolved_flank	INCLUDED	COMMON_CALLABLE_UNIQUE_ANCHOR
R1	contig_1	53364	SNV	unique_or_unresolved_flank	contig_1	53285	unique_or_unresolved_flank	INCLUDED	COMMON_CALLABLE_UNIQUE_ANCHOR
R1	contig_1	54524	INDEL	unique_or_unresolved_flank	contig_1	54444	unique_or_unresolved_flank	INCLUDED	COMMON_CALLABLE_UNIQUE_ANCHOR
R1	contig_1	54531	SNV	unique_or_unresolved_flank	contig_1	54449	unique_or_unresolved_flank	INCLUDED	COMMON_CALLABLE_UNIQUE_ANCHOR
R1	contig_1	56114	INDEL	unique_or_unresolved_flank	contig_1	56029	unique_or_unresolved_flank	INCLUDED	COMMON_CALLABLE_UNIQUE_ANCHOR
R1	contig_1	56524	INDEL	unique_or_unresolved_flank	contig_1	56438	unique_or_unresolved_flank	INCLUDED	COMMON_CALLABLE_UNIQUE_ANCHOR
R1	contig_1	94014	INDEL	unique_or_unresolved_flank	contig_1	93852	unique_or_unresolved_flank	EXCLUDED	OUTSIDE_COMMON_CALLABLE
R1	contig_2	2033	INDEL	unique_or_unresolved_flank	contig_2	2032	unique_or_unresolved_flank	INCLUDED	COMMON_CALLABLE_UNIQUE_ANCHOR
R1	contig_2	2506	INDEL	unique_or_unresolved_flank	contig_2	2504	unique_or_unresolved_flank	INCLUDED	COMMON_CALLABLE_UNIQUE_ANCHOR
R1	contig_2	3172	INDEL	unique_or_unresolved_flank	contig_2	3168	unique_or_unresolved_flank	INCLUDED	COMMON_CALLABLE_UNIQUE_ANCHOR
R1	contig_2	3500	INDEL	unique_or_unresolved_flank	contig_2	3492	unique_or_unresolved_flank	INCLUDED	COMMON_CALLABLE_UNIQUE_ANCHOR
R1	contig_2	3504	SNV	unique_or_unresolved_flank	contig_2	3494	unique_or_unresolved_flank	INCLUDED	COMMON_CALLABLE_UNIQUE_ANCHOR
R1	contig_2	4097	INDEL	unique_or_unresolved_flank	contig_2	4086	unique_or_unresolved_flank	INCLUDED	COMMON_CALLABLE_UNIQUE_ANCHOR
R1	contig_2	4569	SNV	NOT_EVALUABLE				EXCLUDED	SOURCE_NOT_EVALUABLE
R1	contig_2	5094	INDEL	unique_or_unresolved_flank	contig_2	5075	unique_or_unresolved_flank	INCLUDED	COMMON_CALLABLE_UNIQUE_ANCHOR
R1	contig_2	7506	INDEL	unique_or_unresolved_flank	contig_2	7482	unique_or_unresolved_flank	INCLUDED	COMMON_CALLABLE_UNIQUE_ANCHOR
R1	contig_2	7823	INDEL	unique_or_unresolved_flank	contig_2	7796	unique_or_unresolved_flank	INCLUDED	COMMON_CALLABLE_UNIQUE_ANCHOR
R1	contig_2	8005	INDEL	unique_or_unresolved_flank	contig_2	7977	unique_or_unresolved_flank	INCLUDED	COMMON_CALLABLE_UNIQUE_ANCHOR
R1	contig_2	8498	INDEL	unique_or_unresolved_flank	contig_2	8471	unique_or_unresolved_flank	INCLUDED	COMMON_CALLABLE_UNIQUE_ANCHOR
R1	contig_2	10249	INDEL	unique_or_unresolved_flank	contig_2	10216	unique_or_unresolved_flank	INCLUDED	COMMON_CALLABLE_UNIQUE_ANCHOR
R1	contig_2	11516	SNV	unique_or_unresolved_flank	contig_2	11475	unique_or_unresolved_flank	INCLUDED	COMMON_CALLABLE_UNIQUE_ANCHOR
R1	contig_2	11517	SNV	unique_or_unresolved_flank	contig_2	11476	unique_or_unresolved_flank	INCLUDED	COMMON_CALLABLE_UNIQUE_ANCHOR
R1	contig_2	12510	SNV	unique_or_unresolved_flank	contig_2	12465	unique_or_unresolved_flank	INCLUDED	COMMON_CALLABLE_UNIQUE_ANCHOR
R1	contig_2	12519	INDEL	unique_or_unresolved_flank	contig_2	12474	unique_or_unresolved_flank	INCLUDED	COMMON_CALLABLE_UNIQUE_ANCHOR
R1	contig_2	14514	INDEL	unique_or_unresolved_flank	contig_2	14466	unique_or_unresolved_flank	INCLUDED	COMMON_CALLABLE_UNIQUE_ANCHOR
R1	contig_2	16513	INDEL	unique_or_unresolved_flank	contig_2	16462	unique_or_unresolved_flank	INCLUDED	COMMON_CALLABLE_UNIQUE_ANCHOR
R1	contig_2	20917	INDEL	unique_or_unresolved_flank	contig_2	20854	unique_or_unresolved_flank	INCLUDED	COMMON_CALLABLE_UNIQUE_ANCHOR
R1	contig_2	21790	INDEL	unique_or_unresolved_flank	contig_2	21727	unique_or_unresolved_flank	INCLUDED	COMMON_CALLABLE_UNIQUE_ANCHOR
R1	contig_2	22439	INDEL	unique_or_unresolved_flank	contig_2	22376	unique_or_unresolved_flank	INCLUDED	COMMON_CALLABLE_UNIQUE_ANCHOR
R1	contig_2	22514	INDEL	unique_or_unresolved_flank	contig_2	22451	unique_or_unresolved_flank	INCLUDED	COMMON_CALLABLE_UNIQUE_ANCHOR
R1	contig_2	25077	INDEL	unique_or_unresolved_flank	contig_2	25004	unique_or_unresolved_flank	INCLUDED	COMMON_CALLABLE_UNIQUE_ANCHOR
R1	contig_2	26210	INDEL	unique_or_unresolved_flank	contig_2	26131	unique_or_unresolved_flank	INCLUDED	COMMON_CALLABLE_UNIQUE_ANCHOR
R1	contig_2	26518	INDEL	unique_or_unresolved_flank	contig_2	26439	unique_or_unresolved_flank	INCLUDED	COMMON_CALLABLE_UNIQUE_ANCHOR
R1	contig_2	27020	INDEL	unique_or_unresolved_flank	contig_2	26939	unique_or_unresolved_flank	INCLUDED	COMMON_CALLABLE_UNIQUE_ANCHOR
R1	contig_2	27303	INDEL	unique_or_unresolved_flank	contig_2	27219	unique_or_unresolved_flank	INCLUDED	COMMON_CALLABLE_UNIQUE_ANCHOR
R1	contig_2	27307	SNV	unique_or_unresolved_flank	contig_2	27223	unique_or_unresolved_flank	INCLUDED	COMMON_CALLABLE_UNIQUE_ANCHOR
R1	contig_2	29210	SNV	NOT_EVALUABLE				EXCLUDED	SOURCE_NOT_EVALUABLE
R1	contig_2	31023	INDEL	unique_or_unresolved_flank	contig_2	30933	unique_or_unresolved_flank	INCLUDED	COMMON_CALLABLE_UNIQUE_ANCHOR
R1	contig_2	31517	INDEL	unique_or_unresolved_flank	contig_2	31429	unique_or_unresolved_flank	INCLUDED	COMMON_CALLABLE_UNIQUE_ANCHOR
R1	contig_2	32680	INDEL	unique_or_unresolved_flank	contig_2	32591	unique_or_unresolved_flank	INCLUDED	COMMON_CALLABLE_UNIQUE_ANCHOR
R1	contig_2	33023	INDEL	unique_or_unresolved_flank	contig_2	32933	unique_or_unresolved_flank	INCLUDED	COMMON_CALLABLE_UNIQUE_ANCHOR
R1	contig_2	33088	INDEL	unique_or_unresolved_flank	contig_2	33000	unique_or_unresolved_flank	INCLUDED	COMMON_CALLABLE_UNIQUE_ANCHOR
R1	contig_2	33122	INDEL	unique_or_unresolved_flank	contig_2	33036	unique_or_unresolved_flank	INCLUDED	COMMON_CALLABLE_UNIQUE_ANCHOR
R1	contig_2	33426	INDEL	unique_or_unresolved_flank	contig_2	33340	unique_or_unresolved_flank	INCLUDED	COMMON_CALLABLE_UNIQUE_ANCHOR
R1	contig_2	35134	INDEL	unique_or_unresolved_flank	contig_2	35047	unique_or_unresolved_flank	INCLUDED	COMMON_CALLABLE_UNIQUE_ANCHOR
R1	contig_2	36176	INDEL	unique_or_unresolved_flank	contig_2	36088	unique_or_unresolved_flank	INCLUDED	COMMON_CALLABLE_UNIQUE_ANCHOR
R1	contig_2	36514	INDEL	unique_or_unresolved_flank	contig_2	36426	unique_or_unresolved_flank	INCLUDED	COMMON_CALLABLE_UNIQUE_ANCHOR
R1	contig_2	37518	SNV	unique_or_unresolved_flank	contig_2	37432	unique_or_unresolved_flank	INCLUDED	COMMON_CALLABLE_UNIQUE_ANCHOR
R1	contig_2	38122	INDEL	unique_or_unresolved_flank	contig_2	38036	unique_or_unresolved_flank	INCLUDED	COMMON_CALLABLE_UNIQUE_ANCHOR
R1	contig_2	38588	INDEL	unique_or_unresolved_flank	contig_2	38501	unique_or_unresolved_flank	INCLUDED	COMMON_CALLABLE_UNIQUE_ANCHOR
R1	contig_2	40314	INDEL	unique_or_unresolved_flank	contig_2	40223	unique_or_unresolved_flank	INCLUDED	COMMON_CALLABLE_UNIQUE_ANCHOR
R1	contig_2	40813	INDEL	unique_or_unresolved_flank	contig_2	40720	unique_or_unresolved_flank	INCLUDED	COMMON_CALLABLE_UNIQUE_ANCHOR
R1	contig_2	44807	INDEL	unique_or_unresolved_flank	contig_2	44709	unique_or_unresolved_flank	INCLUDED	COMMON_CALLABLE_UNIQUE_ANCHOR
R1	contig_2	45754	INDEL	unique_or_unresolved_flank	contig_2	45656	unique_or_unresolved_flank	INCLUDED	COMMON_CALLABLE_UNIQUE_ANCHOR
R1	contig_2	46645	INDEL	unique_or_unresolved_flank	contig_2	46544	unique_or_unresolved_flank	INCLUDED	COMMON_CALLABLE_UNIQUE_ANCHOR
R1	contig_2	47013	INDEL	unique_or_unresolved_flank	contig_2	46905	unique_or_unresolved_flank	INCLUDED	COMMON_CALLABLE_UNIQUE_ANCHOR
R1	contig_2	47673	INDEL	unique_or_unresolved_flank	contig_2	47568	unique_or_unresolved_flank	INCLUDED	COMMON_CALLABLE_UNIQUE_ANCHOR
R1	contig_2	49707	INDEL	unique_or_unresolved_flank	contig_2	49601	unique_or_unresolved_flank	INCLUDED	COMMON_CALLABLE_UNIQUE_ANCHOR
R1	contig_2	50031	INDEL	unique_or_unresolved_flank	contig_2	49925	unique_or_unresolved_flank	INCLUDED	COMMON_CALLABLE_UNIQUE_ANCHOR
R1	contig_2	50185	INDEL	unique_or_unresolved_flank	contig_2	50079	unique_or_unresolved_flank	INCLUDED	COMMON_CALLABLE_UNIQUE_ANCHOR
R1	contig_2	50508	INDEL	unique_or_unresolved_flank	contig_2	50401	unique_or_unresolved_flank	INCLUDED	COMMON_CALLABLE_UNIQUE_ANCHOR
R1	contig_2	51511	INDEL	unique_or_unresolved_flank	contig_2	51401	unique_or_unresolved_flank	INCLUDED	COMMON_CALLABLE_UNIQUE_ANCHOR
R1	contig_2	55517	INDEL	unique_or_unresolved_flank	contig_2	55402	unique_or_unresolved_flank	INCLUDED	COMMON_CALLABLE_UNIQUE_ANCHOR
R1	contig_2	56011	INDEL	unique_or_unresolved_flank	contig_2	55898	unique_or_unresolved_flank	INCLUDED	COMMON_CALLABLE_UNIQUE_ANCHOR
R1	contig_2	56103	INDEL	unique_or_unresolved_flank	contig_2	55991	unique_or_unresolved_flank	INCLUDED	COMMON_CALLABLE_UNIQUE_ANCHOR
R1	contig_2	56134	INDEL	unique_or_unresolved_flank	contig_2	56022	unique_or_unresolved_flank	INCLUDED	COMMON_CALLABLE_UNIQUE_ANCHOR
R1	contig_2	57515	SNV	unique_or_unresolved_flank	contig_2	57399	unique_or_unresolved_flank	INCLUDED	COMMON_CALLABLE_UNIQUE_ANCHOR
R1	contig_2	60509	INDEL	unique_or_unresolved_flank	contig_2	60389	unique_or_unresolved_flank	INCLUDED	COMMON_CALLABLE_UNIQUE_ANCHOR
R1	contig_2	63528	INDEL	unique_or_unresolved_flank	contig_2	63377	unique_or_unresolved_flank	INCLUDED	COMMON_CALLABLE_UNIQUE_ANCHOR
R1	contig_2	64534	INDEL	unique_or_unresolved_flank	contig_2	64384	unique_or_unresolved_flank	INCLUDED	COMMON_CALLABLE_UNIQUE_ANCHOR
R1	contig_2	65020	INDEL	unique_or_unresolved_flank	contig_2	64868	unique_or_unresolved_flank	INCLUDED	COMMON_CALLABLE_UNIQUE_ANCHOR
R1	contig_2	65517	INDEL	unique_or_unresolved_flank	contig_2	65367	unique_or_unresolved_flank	INCLUDED	COMMON_CALLABLE_UNIQUE_ANCHOR
R1	contig_2	65909	INDEL	unique_or_unresolved_flank	contig_2	65761	unique_or_unresolved_flank	INCLUDED	COMMON_CALLABLE_UNIQUE_ANCHOR
R1	contig_2	67623	INDEL	unique_or_unresolved_flank	contig_2	67474	unique_or_unresolved_flank	INCLUDED	COMMON_CALLABLE_UNIQUE_ANCHOR
R1	contig_2	68145	INDEL	unique_or_unresolved_flank	contig_2	67993	unique_or_unresolved_flank	INCLUDED	COMMON_CALLABLE_UNIQUE_ANCHOR
R1	contig_2	68475	INDEL	unique_or_unresolved_flank	contig_2	68323	unique_or_unresolved_flank	INCLUDED	COMMON_CALLABLE_UNIQUE_ANCHOR
R1	contig_2	68972	INDEL	unique_or_unresolved_flank	contig_2	68819	unique_or_unresolved_flank	INCLUDED	COMMON_CALLABLE_UNIQUE_ANCHOR
R1	contig_2	71012	INDEL	unique_or_unresolved_flank	contig_2	70857	unique_or_unresolved_flank	INCLUDED	COMMON_CALLABLE_UNIQUE_ANCHOR
R1	contig_2	71513	SNV	unique_or_unresolved_flank	contig_2	71355	unique_or_unresolved_flank	INCLUDED	COMMON_CALLABLE_UNIQUE_ANCHOR
R1	contig_2	72513	INDEL	unique_or_unresolved_flank	contig_2	72353	unique_or_unresolved_flank	INCLUDED	COMMON_CALLABLE_UNIQUE_ANCHOR
R1	contig_2	75014	SNV	unique_or_unresolved_flank	contig_2	74844	unique_or_unresolved_flank	INCLUDED	COMMON_CALLABLE_UNIQUE_ANCHOR
R1	contig_2	75141	INDEL	unique_or_unresolved_flank	contig_2	74971	unique_or_unresolved_flank	INCLUDED	COMMON_CALLABLE_UNIQUE_ANCHOR
R1	contig_2	77263	INDEL	unique_or_unresolved_flank	contig_2	77085	unique_or_unresolved_flank	INCLUDED	COMMON_CALLABLE_UNIQUE_ANCHOR
R1	contig_2	80792	INDEL	unique_or_unresolved_flank	contig_2	80610	unique_or_unresolved_flank	INCLUDED	COMMON_CALLABLE_UNIQUE_ANCHOR
R1	contig_2	81515	SNV	unique_or_unresolved_flank	contig_2	81328	unique_or_unresolved_flank	INCLUDED	COMMON_CALLABLE_UNIQUE_ANCHOR
R1	contig_2	81516	SNV	unique_or_unresolved_flank	contig_2	81329	unique_or_unresolved_flank	INCLUDED	COMMON_CALLABLE_UNIQUE_ANCHOR
R1	contig_2	81560	INDEL	unique_or_unresolved_flank	contig_2	81373	unique_or_unresolved_flank	INCLUDED	COMMON_CALLABLE_UNIQUE_ANCHOR
R1	contig_2	85108	INDEL	NOT_EVALUABLE				EXCLUDED	SOURCE_NOT_EVALUABLE
R1	contig_2	85147	INDEL	unique_or_unresolved_flank	contig_2	84955	unique_or_unresolved_flank	INCLUDED	COMMON_CALLABLE_UNIQUE_ANCHOR
R1	contig_2	86443	INDEL	unique_or_unresolved_flank	contig_2	86238	unique_or_unresolved_flank	INCLUDED	COMMON_CALLABLE_UNIQUE_ANCHOR
R1	contig_2	88679	INDEL	unique_or_unresolved_flank	contig_2	88471	unique_or_unresolved_flank	INCLUDED	COMMON_CALLABLE_UNIQUE_ANCHOR
R1	contig_2	88699	INDEL	unique_or_unresolved_flank	contig_2	88491	unique_or_unresolved_flank	INCLUDED	COMMON_CALLABLE_UNIQUE_ANCHOR
R1	contig_2	90003	SNV	unique_or_unresolved_flank	contig_2	89790	unique_or_unresolved_flank	INCLUDED	COMMON_CALLABLE_UNIQUE_ANCHOR
R1	contig_2	91420	INDEL	unique_or_unresolved_flank	contig_2	91205	unique_or_unresolved_flank	INCLUDED	COMMON_CALLABLE_UNIQUE_ANCHOR
R1	contig_2	93368	INDEL	unique_or_unresolved_flank	contig_2	93150	unique_or_unresolved_flank	INCLUDED	COMMON_CALLABLE_UNIQUE_ANCHOR
R1	contig_2	95084	INDEL	unique_or_unresolved_flank	contig_2	94862	unique_or_unresolved_flank	INCLUDED	COMMON_CALLABLE_UNIQUE_ANCHOR
P0	contig_2	7499	INDEL	unique_or_unresolved_flank	contig_2	7482	unique_or_unresolved_flank	INCLUDED	COMMON_CALLABLE_UNIQUE_ANCHOR
P0	contig_2	78499	INDEL	unique_or_unresolved_flank	contig_2	78323	unique_or_unresolved_flank	INCLUDED	COMMON_CALLABLE_UNIQUE_ANCHOR
C0	contig_1	13845	INDEL	ir_gap_closure_interval	contig_1	13839	ir_gap_closure_interval	EXCLUDED	OUTSIDE_COMMON_CALLABLE
C0	contig_1	15050	INDEL	ir_gap_closure_interval	contig_1	15044	ir_gap_closure_interval	EXCLUDED	OUTSIDE_COMMON_CALLABLE
C0	contig_1	23290	INDEL	ir_gap_closure_interval	contig_1	23273	ir_gap_closure_interval	EXCLUDED	OUTSIDE_COMMON_CALLABLE
C0	contig_1	25517	INDEL	ir_gap_closure_interval	contig_1	25497	ir_gap_closure_interval	EXCLUDED	OUTSIDE_COMMON_CALLABLE
C0	contig_1	35675	INDEL	ir_gap_closure_interval	contig_1	35646	ir_gap_closure_interval	EXCLUDED	OUTSIDE_COMMON_CALLABLE
C0	contig_1	77612	INDEL	unique_or_unresolved_flank	contig_1	77543	unique_or_unresolved_flank	EXCLUDED	OUTSIDE_COMMON_CALLABLE
C0	contig_2	33072	INDEL	unique_or_unresolved_flank	contig_2	33003	unique_or_unresolved_flank	EXCLUDED	OUTSIDE_COMMON_CALLABLE
C0	contig_2	40806	INDEL	unique_or_unresolved_flank	contig_2	40722	unique_or_unresolved_flank	EXCLUDED	OUTSIDE_COMMON_CALLABLE
C0	contig_2	65891	INDEL	unique_or_unresolved_flank	contig_2	65761	unique_or_unresolved_flank	INCLUDED	COMMON_CALLABLE_UNIQUE_ANCHOR
C0	contig_2	79937	INDEL	unique_or_unresolved_flank	contig_2	79776	unique_or_unresolved_flank	INCLUDED	COMMON_CALLABLE_UNIQUE_ANCHOR
C0	contig_2	85844	INDEL	unique_or_unresolved_flank	contig_2	85671	unique_or_unresolved_flank	INCLUDED	COMMON_CALLABLE_UNIQUE_ANCHOR
R1P1	contig_2	7501	INDEL	unique_or_unresolved_flank	contig_2	7482	unique_or_unresolved_flank	INCLUDED	COMMON_CALLABLE_UNIQUE_ANCHOR
R1C1	contig_1	56025	INDEL	NOT_EVALUABLE				EXCLUDED	SOURCE_NOT_EVALUABLE
R1C1	contig_1	56029	INDEL	unique_or_unresolved_flank	contig_1	55944	unique_or_unresolved_flank	INCLUDED	COMMON_CALLABLE_UNIQUE_ANCHOR
R1C1	contig_2	33077	INDEL	unique_or_unresolved_flank	contig_2	33000	unique_or_unresolved_flank	INCLUDED	COMMON_CALLABLE_UNIQUE_ANCHOR
R1C1	contig_2	65921	INDEL	unique_or_unresolved_flank	contig_2	65761	unique_or_unresolved_flank	INCLUDED	COMMON_CALLABLE_UNIQUE_ANCHOR
