read_id	left_alignments	right_alignments	total_target_placements	left_mapq	right_mapq	classification	independent_alignment_support
SRR38978847.7296	1	1	3	1	60	NON_UNIQUE_ANCHOR	False
SRR38978847.16509	1	1	3	0	60	MAPQ_ZERO_AMBIGUOUS	False
SRR38978847.24316	1	1	3	0	60	MAPQ_ZERO_AMBIGUOUS	False
SRR38978847.25438	1	1	3	2	60	NON_UNIQUE_ANCHOR	False
SRR38978847.28383	1	1	3	0	60	MAPQ_ZERO_AMBIGUOUS	False
SRR38978847.30651	1	1	3	0	60	MAPQ_ZERO_AMBIGUOUS	False
SRR38978847.33837	1	1	3	0	60	MAPQ_ZERO_AMBIGUOUS	False
SRR38978847.35849	1	1	3	0	60	MAPQ_ZERO_AMBIGUOUS	False
SRR38978847.46573	1	1	3	1	60	NON_UNIQUE_ANCHOR	False
SRR38978847.47950	1	1	3	0	60	MAPQ_ZERO_AMBIGUOUS	False
SRR38978847.49755	2	2	6	1	60	COPY_AMBIGUOUS	False
SRR38978847.50142	1	1	3	0	60	MAPQ_ZERO_AMBIGUOUS	False
SRR38978847.52937	1	1	3	0	60	MAPQ_ZERO_AMBIGUOUS	False
SRR38978847.53561	1	1	3	0	60	MAPQ_ZERO_AMBIGUOUS	False
SRR38978847.55823	1	1	3	0	60	MAPQ_ZERO_AMBIGUOUS	False
SRR38978847.57115	1	1	3	0	60	MAPQ_ZERO_AMBIGUOUS	False
SRR38978847.64418	1	1	3	0	60	MAPQ_ZERO_AMBIGUOUS	False
SRR38978847.67754	1	1	3	0	60	MAPQ_ZERO_AMBIGUOUS	False
SRR38978847.68752	1	1	3	0	60	MAPQ_ZERO_AMBIGUOUS	False
SRR38978847.70497	1	1	3	0	60	MAPQ_ZERO_AMBIGUOUS	False
SRR38978847.71060	1	1	3	0	60	MAPQ_ZERO_AMBIGUOUS	False
SRR38978847.71292	1	1	3	0	60	MAPQ_ZERO_AMBIGUOUS	False
SRR38978847.78770	1	1	3	0	60	MAPQ_ZERO_AMBIGUOUS	False
SRR38978847.88008	1	1	5	0	60	MAPQ_ZERO_AMBIGUOUS	False
SRR38978847.90578	1	1	3	0	60	MAPQ_ZERO_AMBIGUOUS	False
SRR38978847.93107	1	1	3	0	60	MAPQ_ZERO_AMBIGUOUS	False
SRR38978847.93935	1	1	3	0	60	MAPQ_ZERO_AMBIGUOUS	False
SRR38978847.93949	1	1	3	0	60	MAPQ_ZERO_AMBIGUOUS	False
SRR38978847.98103	1	1	3	0	60	MAPQ_ZERO_AMBIGUOUS	False
SRR38978847.98695	1	1	3	0	60	MAPQ_ZERO_AMBIGUOUS	False
SRR38978847.98806	1	1	3	0	60	MAPQ_ZERO_AMBIGUOUS	False
SRR38978847.100735	1	1	3	0	60	MAPQ_ZERO_AMBIGUOUS	False
SRR38978847.101234	1	1	3	0	60	MAPQ_ZERO_AMBIGUOUS	False
SRR38978847.103100	1	1	3	0	60	MAPQ_ZERO_AMBIGUOUS	False
SRR38978847.103202	1	1	3	4	60	NON_UNIQUE_ANCHOR	False
SRR38978847.109141	1	1	3	0	60	MAPQ_ZERO_AMBIGUOUS	False
SRR38978847.110127	1	1	3	0	60	MAPQ_ZERO_AMBIGUOUS	False
SRR38978847.116798	1	1	3	0	60	MAPQ_ZERO_AMBIGUOUS	False
SRR38978847.117648	1	1	3	0	60	MAPQ_ZERO_AMBIGUOUS	False
SRR38978847.117685	1	1	3	0	60	MAPQ_ZERO_AMBIGUOUS	False
SRR38978847.120163	1	1	3	1	60	NON_UNIQUE_ANCHOR	False
SRR38978847.123026	1	1	3	0	60	MAPQ_ZERO_AMBIGUOUS	False
SRR38978847.127702	1	1	3	0	60	MAPQ_ZERO_AMBIGUOUS	False
SRR38978847.135210	1	1	3	0	60	MAPQ_ZERO_AMBIGUOUS	False
SRR38978847.138450	1	1	3	0	60	MAPQ_ZERO_AMBIGUOUS	False
SRR38978847.139433	1	1	3	0	60	MAPQ_ZERO_AMBIGUOUS	False
SRR38978847.140984	1	1	3	0	60	MAPQ_ZERO_AMBIGUOUS	False
SRR38978847.144361	1	1	3	0	60	MAPQ_ZERO_AMBIGUOUS	False
SRR38978847.147929	1	1	3	0	60	MAPQ_ZERO_AMBIGUOUS	False
SRR38978847.148168	1	1	3	0	60	MAPQ_ZERO_AMBIGUOUS	False
SRR38978847.150809	1	1	3	0	60	MAPQ_ZERO_AMBIGUOUS	False
SRR38978847.150954	1	1	3	0	60	MAPQ_ZERO_AMBIGUOUS	False
SRR38978847.154833	1	1	3	0	60	MAPQ_ZERO_AMBIGUOUS	False
SRR38978847.164837	2	2	6	1	60	COPY_AMBIGUOUS	False
SRR38978847.164894	1	1	3	0	60	MAPQ_ZERO_AMBIGUOUS	False
SRR38978847.165935	1	1	3	0	60	MAPQ_ZERO_AMBIGUOUS	False
SRR38978847.173058	1	1	3	0	60	MAPQ_ZERO_AMBIGUOUS	False
SRR38978847.173595	1	1	3	0	60	MAPQ_ZERO_AMBIGUOUS	False
SRR38978847.173901	1	1	3	0	60	MAPQ_ZERO_AMBIGUOUS	False
SRR38978847.175802	1	1	3	0	60	MAPQ_ZERO_AMBIGUOUS	False
SRR38978847.176441	1	1	3	0	60	MAPQ_ZERO_AMBIGUOUS	False
SRR38978847.187315	1	1	3	0	60	MAPQ_ZERO_AMBIGUOUS	False
SRR38978847.189880	1	1	3	0	60	MAPQ_ZERO_AMBIGUOUS	False
SRR38978847.192860	1	1	3	0	60	MAPQ_ZERO_AMBIGUOUS	False
SRR38978847.193883	1	1	3	0	60	MAPQ_ZERO_AMBIGUOUS	False
SRR38978847.195436	1	1	3	0	60	MAPQ_ZERO_AMBIGUOUS	False
SRR38978847.196673	1	1	3	0	60	MAPQ_ZERO_AMBIGUOUS	False
SRR38978847.198857	1	1	3	0	60	MAPQ_ZERO_AMBIGUOUS	False
SRR38978847.200520	1	1	3	0	60	MAPQ_ZERO_AMBIGUOUS	False
SRR38978847.201258	1	1	3	0	60	MAPQ_ZERO_AMBIGUOUS	False
SRR38978847.204400	1	1	3	0	60	MAPQ_ZERO_AMBIGUOUS	False
SRR38978847.204608	1	1	3	0	60	MAPQ_ZERO_AMBIGUOUS	False
SRR38978847.205806	1	1	3	0	60	MAPQ_ZERO_AMBIGUOUS	False
SRR38978847.207472	1	1	3	1	60	NON_UNIQUE_ANCHOR	False
SRR38978847.208046	1	1	3	0	60	MAPQ_ZERO_AMBIGUOUS	False
SRR38978847.208866	1	1	3	0	60	MAPQ_ZERO_AMBIGUOUS	False
SRR38978847.210752	1	1	3	0	60	MAPQ_ZERO_AMBIGUOUS	False
SRR38978847.211416	1	1	3	0	60	MAPQ_ZERO_AMBIGUOUS	False
SRR38978847.213206	1	1	3	0	60	MAPQ_ZERO_AMBIGUOUS	False
SRR38978847.214438	1	1	3	0	60	MAPQ_ZERO_AMBIGUOUS	False
SRR38978847.219596	1	1	3	0	60	MAPQ_ZERO_AMBIGUOUS	False
SRR38978847.220188	1	1	3	0	60	MAPQ_ZERO_AMBIGUOUS	False
SRR38978847.223604	1	1	4	0	60	MAPQ_ZERO_AMBIGUOUS	False
SRR38978847.227472	1	1	3	0	60	MAPQ_ZERO_AMBIGUOUS	False
SRR38978847.230909	1	1	3	0	60	MAPQ_ZERO_AMBIGUOUS	False
SRR38978847.232422	1	1	3	1	60	NON_UNIQUE_ANCHOR	False
SRR38978847.235586	1	1	3	0	60	MAPQ_ZERO_AMBIGUOUS	False
SRR38978847.240749	1	1	3	0	60	MAPQ_ZERO_AMBIGUOUS	False
SRR38978847.242630	1	1	3	0	60	MAPQ_ZERO_AMBIGUOUS	False
SRR38978847.243243	1	1	3	0	60	MAPQ_ZERO_AMBIGUOUS	False
SRR38978847.251243	1	1	3	0	60	MAPQ_ZERO_AMBIGUOUS	False
SRR38978847.254218	1	1	3	0	60	MAPQ_ZERO_AMBIGUOUS	False
SRR38978847.257392	1	1	3	0	60	MAPQ_ZERO_AMBIGUOUS	False
SRR38978847.261646	1	1	3	0	60	MAPQ_ZERO_AMBIGUOUS	False
SRR38978847.263260	1	1	3	0	60	MAPQ_ZERO_AMBIGUOUS	False
SRR38978847.265741	1	1	3	0	60	MAPQ_ZERO_AMBIGUOUS	False
SRR38978847.269051	1	1	3	0	60	MAPQ_ZERO_AMBIGUOUS	False
SRR38978847.270740	1	1	3	0	60	MAPQ_ZERO_AMBIGUOUS	False
SRR38978847.273480	1	1	3	0	60	MAPQ_ZERO_AMBIGUOUS	False
SRR38978847.274419	1	1	3	0	60	MAPQ_ZERO_AMBIGUOUS	False
SRR38978847.275022	1	1	3	0	60	MAPQ_ZERO_AMBIGUOUS	False
SRR38978847.283937	1	1	3	0	60	MAPQ_ZERO_AMBIGUOUS	False
SRR38978847.288411	1	1	3	0	60	MAPQ_ZERO_AMBIGUOUS	False
SRR38978847.291473	1	1	3	0	60	MAPQ_ZERO_AMBIGUOUS	False
SRR38978847.293600	1	1	3	0	60	MAPQ_ZERO_AMBIGUOUS	False
SRR38978847.295993	1	1	3	0	60	MAPQ_ZERO_AMBIGUOUS	False
SRR38978847.297809	1	1	3	0	60	MAPQ_ZERO_AMBIGUOUS	False
SRR38978847.299364	1	1	3	0	60	MAPQ_ZERO_AMBIGUOUS	False
SRR38978847.303793	1	1	3	0	60	MAPQ_ZERO_AMBIGUOUS	False
SRR38978847.303880	1	1	3	0	60	MAPQ_ZERO_AMBIGUOUS	False
SRR38978847.304559	1	1	3	0	60	MAPQ_ZERO_AMBIGUOUS	False
SRR38978847.307858	1	1	3	0	60	MAPQ_ZERO_AMBIGUOUS	False
SRR38978847.308662	1	1	3	0	60	MAPQ_ZERO_AMBIGUOUS	False
SRR38978847.311246	1	1	3	0	60	MAPQ_ZERO_AMBIGUOUS	False
SRR38978847.311765	1	1	3	0	60	MAPQ_ZERO_AMBIGUOUS	False
SRR38978847.313440	1	1	3	0	60	MAPQ_ZERO_AMBIGUOUS	False
SRR38978847.315297	1	1	3	0	60	MAPQ_ZERO_AMBIGUOUS	False
SRR38978847.315299	1	1	3	0	60	MAPQ_ZERO_AMBIGUOUS	False
SRR38978847.317099	2	2	6	0	60	COPY_AMBIGUOUS	False
SRR38978847.323144	1	1	3	0	60	MAPQ_ZERO_AMBIGUOUS	False
SRR38978847.323197	1	1	3	0	60	MAPQ_ZERO_AMBIGUOUS	False
SRR38978847.323224	1	1	3	0	60	MAPQ_ZERO_AMBIGUOUS	False
SRR38978847.325803	1	1	3	0	60	MAPQ_ZERO_AMBIGUOUS	False
SRR38978847.328663	1	1	3	0	60	MAPQ_ZERO_AMBIGUOUS	False
SRR38978847.337595	1	1	3	0	60	MAPQ_ZERO_AMBIGUOUS	False
SRR38978847.339915	1	1	3	0	60	MAPQ_ZERO_AMBIGUOUS	False
SRR38978847.343584	1	1	3	0	60	MAPQ_ZERO_AMBIGUOUS	False
SRR38978847.347487	1	1	3	7	60	NON_UNIQUE_ANCHOR	False
SRR38978847.352834	1	1	3	0	4	MAPQ_ZERO_AMBIGUOUS	False
SRR38978847.356062	1	1	3	0	60	MAPQ_ZERO_AMBIGUOUS	False
SRR38978847.358313	1	1	3	0	60	MAPQ_ZERO_AMBIGUOUS	False
SRR38978847.359236	1	1	3	0	60	MAPQ_ZERO_AMBIGUOUS	False
SRR38978847.363000	1	1	3	0	60	MAPQ_ZERO_AMBIGUOUS	False
SRR38978847.369359	1	1	3	0	60	MAPQ_ZERO_AMBIGUOUS	False
SRR38978847.375119	1	1	3	0	60	MAPQ_ZERO_AMBIGUOUS	False
SRR38978847.378034	1	1	3	5	60	NON_UNIQUE_ANCHOR	False
SRR38978847.378755	1	1	3	0	60	MAPQ_ZERO_AMBIGUOUS	False
SRR38978847.383227	1	1	3	0	60	MAPQ_ZERO_AMBIGUOUS	False
SRR38978847.394328	1	1	3	0	60	MAPQ_ZERO_AMBIGUOUS	False
SRR38978847.402282	1	1	3	0	60	MAPQ_ZERO_AMBIGUOUS	False
SRR38978847.407027	1	1	3	0	60	MAPQ_ZERO_AMBIGUOUS	False
SRR38978847.409473	1	1	3	0	60	MAPQ_ZERO_AMBIGUOUS	False
SRR38978847.410242	1	1	3	0	60	MAPQ_ZERO_AMBIGUOUS	False
SRR38978847.411575	1	1	3	0	60	MAPQ_ZERO_AMBIGUOUS	False
SRR38978847.416715	1	1	3	1	60	NON_UNIQUE_ANCHOR	False
SRR38978847.419032	1	1	3	0	60	MAPQ_ZERO_AMBIGUOUS	False
SRR38978847.425270	1	1	3	1	60	NON_UNIQUE_ANCHOR	False
SRR38978847.425387	1	1	3	0	60	MAPQ_ZERO_AMBIGUOUS	False
SRR38978847.435871	1	1	3	0	60	MAPQ_ZERO_AMBIGUOUS	False
SRR38978847.441382	1	1	3	0	60	MAPQ_ZERO_AMBIGUOUS	False
SRR38978847.442678	2	2	6	1	60	COPY_AMBIGUOUS	False
SRR38978847.445995	1	1	3	0	60	MAPQ_ZERO_AMBIGUOUS	False
SRR38978847.448395	1	1	3	0	60	MAPQ_ZERO_AMBIGUOUS	False
SRR38978847.448434	1	1	4	1	60	NON_UNIQUE_ANCHOR	False
SRR38978847.454438	1	1	3	0	60	MAPQ_ZERO_AMBIGUOUS	False
SRR38978847.455811	1	1	3	0	60	MAPQ_ZERO_AMBIGUOUS	False
SRR38978847.458795	1	1	3	0	60	MAPQ_ZERO_AMBIGUOUS	False
SRR38978847.461529	1	1	3	0	60	MAPQ_ZERO_AMBIGUOUS	False
SRR38978847.465800	1	1	3	0	60	MAPQ_ZERO_AMBIGUOUS	False
SRR38978847.468846	1	1	3	0	60	MAPQ_ZERO_AMBIGUOUS	False
SRR38978847.472577	1	1	3	0	60	MAPQ_ZERO_AMBIGUOUS	False
SRR38978847.474165	1	1	3	0	60	MAPQ_ZERO_AMBIGUOUS	False
SRR38978847.475228	1	1	3	0	60	MAPQ_ZERO_AMBIGUOUS	False
SRR38978847.477374	1	1	5	0	60	MAPQ_ZERO_AMBIGUOUS	False
SRR38978847.478969	1	1	3	0	60	MAPQ_ZERO_AMBIGUOUS	False
SRR38978847.481937	1	1	5	0	60	MAPQ_ZERO_AMBIGUOUS	False
SRR38978847.492163	1	1	3	0	60	MAPQ_ZERO_AMBIGUOUS	False
SRR38978847.495169	1	1	3	0	60	MAPQ_ZERO_AMBIGUOUS	False
SRR38978847.498098	1	1	3	0	60	MAPQ_ZERO_AMBIGUOUS	False
SRR38978847.498645	1	1	3	0	60	MAPQ_ZERO_AMBIGUOUS	False
SRR38978847.499522	1	1	3	0	60	MAPQ_ZERO_AMBIGUOUS	False
SRR38978847.501260	1	1	3	5	60	NON_UNIQUE_ANCHOR	False
SRR38978847.501334	1	1	3	0	60	MAPQ_ZERO_AMBIGUOUS	False
SRR38978847.502613	1	1	3	0	60	MAPQ_ZERO_AMBIGUOUS	False
SRR38978847.502712	2	2	6	0	60	COPY_AMBIGUOUS	False
SRR38978847.506130	1	1	3	0	60	MAPQ_ZERO_AMBIGUOUS	False
SRR38978847.508002	1	1	5	0	60	MAPQ_ZERO_AMBIGUOUS	False
SRR38978847.511779	1	1	3	0	60	MAPQ_ZERO_AMBIGUOUS	False
SRR38978847.512402	1	1	3	0	60	MAPQ_ZERO_AMBIGUOUS	False
SRR38978847.523785	1	1	3	0	60	MAPQ_ZERO_AMBIGUOUS	False
SRR38978847.525325	1	1	3	0	60	MAPQ_ZERO_AMBIGUOUS	False
SRR38978847.527256	1	1	3	0	60	MAPQ_ZERO_AMBIGUOUS	False
SRR38978847.534717	1	1	3	0	60	MAPQ_ZERO_AMBIGUOUS	False
SRR38978847.536226	1	1	3	3	60	NON_UNIQUE_ANCHOR	False
SRR38978847.541867	1	1	3	0	60	MAPQ_ZERO_AMBIGUOUS	False
SRR38978847.541916	1	1	3	1	60	NON_UNIQUE_ANCHOR	False
SRR38978847.543568	1	1	3	0	60	MAPQ_ZERO_AMBIGUOUS	False
SRR38978847.545948	1	1	3	0	60	MAPQ_ZERO_AMBIGUOUS	False
SRR38978847.546741	1	1	3	0	60	MAPQ_ZERO_AMBIGUOUS	False
SRR38978847.548386	2	2	6	0	60	COPY_AMBIGUOUS	False
SRR38978847.549273	1	1	3	0	60	MAPQ_ZERO_AMBIGUOUS	False
SRR38978847.551934	1	1	5	0	60	MAPQ_ZERO_AMBIGUOUS	False
SRR38978847.552338	1	1	3	0	60	MAPQ_ZERO_AMBIGUOUS	False
SRR38978847.552500	1	1	3	1	60	NON_UNIQUE_ANCHOR	False
SRR38978847.553987	1	1	3	0	60	MAPQ_ZERO_AMBIGUOUS	False
SRR38978847.561522	1	1	3	0	60	MAPQ_ZERO_AMBIGUOUS	False
SRR38978847.565564	1	1	3	0	60	MAPQ_ZERO_AMBIGUOUS	False
SRR38978847.568346	1	1	3	0	60	MAPQ_ZERO_AMBIGUOUS	False
SRR38978847.569787	1	1	3	0	60	MAPQ_ZERO_AMBIGUOUS	False
SRR38978847.570334	1	1	3	0	60	MAPQ_ZERO_AMBIGUOUS	False
SRR38978847.579350	1	1	3	0	60	MAPQ_ZERO_AMBIGUOUS	False
SRR38978847.579429	1	1	3	1	60	NON_UNIQUE_ANCHOR	False
SRR38978847.583400	1	1	3	0	60	MAPQ_ZERO_AMBIGUOUS	False
SRR38978847.584923	1	1	3	4	60	NON_UNIQUE_ANCHOR	False
SRR38978847.585815	1	1	3	0	60	MAPQ_ZERO_AMBIGUOUS	False
SRR38978847.588989	1	1	3	0	60	MAPQ_ZERO_AMBIGUOUS	False
SRR38978847.589599	1	1	3	0	60	MAPQ_ZERO_AMBIGUOUS	False
SRR38978847.592808	1	1	3	0	60	MAPQ_ZERO_AMBIGUOUS	False
SRR38978847.593992	1	1	3	0	60	MAPQ_ZERO_AMBIGUOUS	False
SRR38978847.601584	1	1	3	0	60	MAPQ_ZERO_AMBIGUOUS	False
SRR38978847.603033	1	1	3	0	60	MAPQ_ZERO_AMBIGUOUS	False
SRR38978847.609351	1	1	3	0	60	MAPQ_ZERO_AMBIGUOUS	False
SRR38978847.613088	1	1	3	0	60	MAPQ_ZERO_AMBIGUOUS	False
SRR38978847.614165	1	1	3	0	60	MAPQ_ZERO_AMBIGUOUS	False
SRR38978847.617274	1	1	3	0	60	MAPQ_ZERO_AMBIGUOUS	False
SRR38978847.620924	1	1	3	0	60	MAPQ_ZERO_AMBIGUOUS	False
SRR38978847.621374	1	1	3	0	60	MAPQ_ZERO_AMBIGUOUS	False
SRR38978847.627644	2	2	6	1	60	COPY_AMBIGUOUS	False
SRR38978847.630936	1	1	3	0	60	MAPQ_ZERO_AMBIGUOUS	False
SRR38978847.633827	1	1	3	0	60	MAPQ_ZERO_AMBIGUOUS	False
SRR38978847.647605	1	1	3	0	60	MAPQ_ZERO_AMBIGUOUS	False
SRR38978847.648090	1	1	3	0	60	MAPQ_ZERO_AMBIGUOUS	False
SRR38978847.652872	1	1	3	0	60	MAPQ_ZERO_AMBIGUOUS	False
SRR38978847.656472	1	1	3	0	60	MAPQ_ZERO_AMBIGUOUS	False
SRR38978847.656631	1	1	3	0	60	MAPQ_ZERO_AMBIGUOUS	False
SRR38978847.660163	1	1	3	0	60	MAPQ_ZERO_AMBIGUOUS	False
SRR38978847.661660	1	1	3	0	60	MAPQ_ZERO_AMBIGUOUS	False
SRR38978847.667118	1	1	3	1	60	NON_UNIQUE_ANCHOR	False
SRR38978847.675281	1	1	3	0	60	MAPQ_ZERO_AMBIGUOUS	False
SRR38978847.676949	1	1	3	0	60	MAPQ_ZERO_AMBIGUOUS	False
SRR38978847.677514	1	1	4	0	60	MAPQ_ZERO_AMBIGUOUS	False
SRR38978847.681950	1	1	3	0	60	MAPQ_ZERO_AMBIGUOUS	False
SRR38978847.685173	1	1	3	0	60	MAPQ_ZERO_AMBIGUOUS	False
SRR38978847.685909	1	1	3	0	60	MAPQ_ZERO_AMBIGUOUS	False
SRR38978847.686419	1	2	6	0	60	COPY_AMBIGUOUS	False
SRR38978847.688820	1	1	3	0	60	MAPQ_ZERO_AMBIGUOUS	False
SRR38978847.689677	1	1	3	3	60	NON_UNIQUE_ANCHOR	False
SRR38978847.694162	1	1	3	0	60	MAPQ_ZERO_AMBIGUOUS	False
SRR38978847.698514	1	1	3	0	60	MAPQ_ZERO_AMBIGUOUS	False
SRR38978847.702413	1	1	3	0	60	MAPQ_ZERO_AMBIGUOUS	False
SRR38978847.703620	1	1	3	0	60	MAPQ_ZERO_AMBIGUOUS	False
SRR38978847.710123	1	1	3	0	60	MAPQ_ZERO_AMBIGUOUS	False
SRR38978847.710913	1	1	3	0	60	MAPQ_ZERO_AMBIGUOUS	False
SRR38978847.713364	1	1	3	1	60	NON_UNIQUE_ANCHOR	False
SRR38978847.715989	1	1	3	0	60	MAPQ_ZERO_AMBIGUOUS	False
SRR38978847.722098	1	1	3	0	60	MAPQ_ZERO_AMBIGUOUS	False
SRR38978847.726539	1	1	3	0	60	MAPQ_ZERO_AMBIGUOUS	False
SRR38978847.729151	1	1	3	0	60	MAPQ_ZERO_AMBIGUOUS	False
SRR38978847.731053	1	1	3	0	60	MAPQ_ZERO_AMBIGUOUS	False
SRR38978847.731213	1	1	3	0	60	MAPQ_ZERO_AMBIGUOUS	False
SRR38978847.732041	1	1	3	0	60	MAPQ_ZERO_AMBIGUOUS	False
SRR38978847.738399	1	1	3	0	60	MAPQ_ZERO_AMBIGUOUS	False
SRR38978847.743858	1	1	3	11	60	NON_UNIQUE_ANCHOR	False
SRR38978847.745640	1	1	5	0	60	MAPQ_ZERO_AMBIGUOUS	False
SRR38978847.747362	1	1	3	1	60	NON_UNIQUE_ANCHOR	False
SRR38978847.749868	1	1	3	0	60	MAPQ_ZERO_AMBIGUOUS	False
SRR38978847.750919	1	1	3	0	60	MAPQ_ZERO_AMBIGUOUS	False
SRR38978847.759603	1	1	3	0	60	MAPQ_ZERO_AMBIGUOUS	False
SRR38978847.761119	1	1	3	0	60	MAPQ_ZERO_AMBIGUOUS	False
SRR38978847.761766	1	1	3	0	60	MAPQ_ZERO_AMBIGUOUS	False
SRR38978847.764474	1	1	3	0	60	MAPQ_ZERO_AMBIGUOUS	False
SRR38978847.766508	1	1	3	0	60	MAPQ_ZERO_AMBIGUOUS	False
SRR38978847.767615	1	1	3	0	60	MAPQ_ZERO_AMBIGUOUS	False
SRR38978847.770777	1	1	3	0	60	MAPQ_ZERO_AMBIGUOUS	False
SRR38978847.778430	1	1	3	0	60	MAPQ_ZERO_AMBIGUOUS	False
SRR38978847.787271	1	1	3	0	60	MAPQ_ZERO_AMBIGUOUS	False
SRR38978847.787758	1	1	3	0	60	MAPQ_ZERO_AMBIGUOUS	False
SRR38978847.788351	1	1	3	0	60	MAPQ_ZERO_AMBIGUOUS	False
SRR38978847.788383	1	1	3	0	60	MAPQ_ZERO_AMBIGUOUS	False
SRR38978847.789790	1	1	3	0	60	MAPQ_ZERO_AMBIGUOUS	False
SRR38978847.791224	1	1	3	0	60	MAPQ_ZERO_AMBIGUOUS	False
SRR38978847.801111	1	1	3	0	60	MAPQ_ZERO_AMBIGUOUS	False
SRR38978847.803092	1	1	3	0	60	MAPQ_ZERO_AMBIGUOUS	False
SRR38978847.804976	1	1	3	0	60	MAPQ_ZERO_AMBIGUOUS	False
SRR38978847.808123	1	1	3	0	60	MAPQ_ZERO_AMBIGUOUS	False
SRR38978847.811621	1	1	3	0	60	MAPQ_ZERO_AMBIGUOUS	False
SRR38978847.811790	1	1	4	0	60	MAPQ_ZERO_AMBIGUOUS	False
SRR38978847.815342	1	1	3	0	60	MAPQ_ZERO_AMBIGUOUS	False
SRR38978847.823789	1	1	3	0	60	MAPQ_ZERO_AMBIGUOUS	False
SRR38978847.824370	1	1	3	0	60	MAPQ_ZERO_AMBIGUOUS	False
SRR38978847.824658	1	1	3	0	60	MAPQ_ZERO_AMBIGUOUS	False
SRR38978847.826750	1	1	3	0	60	MAPQ_ZERO_AMBIGUOUS	False
SRR38978847.828810	1	1	3	0	60	MAPQ_ZERO_AMBIGUOUS	False
SRR38978847.829101	1	1	3	0	60	MAPQ_ZERO_AMBIGUOUS	False
SRR38978847.829516	1	1	3	0	60	MAPQ_ZERO_AMBIGUOUS	False
SRR38978847.830252	1	1	3	0	60	MAPQ_ZERO_AMBIGUOUS	False
SRR38978847.830953	1	1	3	0	60	MAPQ_ZERO_AMBIGUOUS	False
SRR38978847.831064	1	1	3	0	60	MAPQ_ZERO_AMBIGUOUS	False
SRR38978847.832536	1	1	3	0	60	MAPQ_ZERO_AMBIGUOUS	False
SRR38978847.833483	1	1	3	0	60	MAPQ_ZERO_AMBIGUOUS	False
SRR38978847.833854	3	1	6	60	60	COPY_AMBIGUOUS	False
SRR38978847.834016	1	1	3	0	60	MAPQ_ZERO_AMBIGUOUS	False
SRR38978847.836242	1	1	3	0	60	MAPQ_ZERO_AMBIGUOUS	False
SRR38978847.840738	1	1	3	0	60	MAPQ_ZERO_AMBIGUOUS	False
SRR38978847.841709	1	1	3	1	60	NON_UNIQUE_ANCHOR	False
SRR38978847.844182	1	1	3	0	60	MAPQ_ZERO_AMBIGUOUS	False
SRR38978847.845880	1	1	3	0	60	MAPQ_ZERO_AMBIGUOUS	False
SRR38978847.845918	1	1	3	0	60	MAPQ_ZERO_AMBIGUOUS	False
SRR38978847.849604	1	1	3	0	60	MAPQ_ZERO_AMBIGUOUS	False
SRR38978847.854471	1	1	3	0	60	MAPQ_ZERO_AMBIGUOUS	False
SRR38978847.854755	1	1	3	0	60	MAPQ_ZERO_AMBIGUOUS	False
SRR38978847.855105	1	1	3	0	60	MAPQ_ZERO_AMBIGUOUS	False
SRR38978847.856005	1	1	3	0	60	MAPQ_ZERO_AMBIGUOUS	False
SRR38978847.856076	1	1	3	0	60	MAPQ_ZERO_AMBIGUOUS	False
SRR38978847.857045	2	2	6	0	60	COPY_AMBIGUOUS	False
SRR38978847.857514	1	1	3	0	60	MAPQ_ZERO_AMBIGUOUS	False
SRR38978847.858441	1	1	3	0	60	MAPQ_ZERO_AMBIGUOUS	False
SRR38978847.858560	1	1	3	0	60	MAPQ_ZERO_AMBIGUOUS	False
SRR38978847.858880	1	1	3	0	60	MAPQ_ZERO_AMBIGUOUS	False
SRR38978847.859890	1	1	3	0	60	MAPQ_ZERO_AMBIGUOUS	False
SRR38978847.861622	1	1	3	0	60	MAPQ_ZERO_AMBIGUOUS	False
SRR38978847.862298	1	1	3	0	60	MAPQ_ZERO_AMBIGUOUS	False
SRR38978847.864287	1	1	3	0	60	MAPQ_ZERO_AMBIGUOUS	False
SRR38978847.867614	1	2	6	0	60	COPY_AMBIGUOUS	False
SRR38978847.867722	1	1	3	0	60	MAPQ_ZERO_AMBIGUOUS	False
SRR38978847.870659	1	1	3	0	60	MAPQ_ZERO_AMBIGUOUS	False
SRR38978847.874748	1	1	3	0	60	MAPQ_ZERO_AMBIGUOUS	False
SRR38978847.875717	1	1	3	0	60	MAPQ_ZERO_AMBIGUOUS	False
SRR38978847.879520	1	1	3	0	60	MAPQ_ZERO_AMBIGUOUS	False
SRR38978847.881240	1	1	3	0	60	MAPQ_ZERO_AMBIGUOUS	False
SRR38978847.881361	1	1	3	0	60	MAPQ_ZERO_AMBIGUOUS	False
SRR38978847.884983	1	1	3	0	60	MAPQ_ZERO_AMBIGUOUS	False
SRR38978847.885740	1	1	3	0	60	MAPQ_ZERO_AMBIGUOUS	False
SRR38978847.889461	1	1	3	0	60	MAPQ_ZERO_AMBIGUOUS	False
SRR38978847.889651	1	1	3	0	60	MAPQ_ZERO_AMBIGUOUS	False
SRR38978847.892908	1	1	3	0	60	MAPQ_ZERO_AMBIGUOUS	False
SRR38978847.893152	1	1	3	0	60	MAPQ_ZERO_AMBIGUOUS	False
SRR38978847.893641	1	1	3	0	60	MAPQ_ZERO_AMBIGUOUS	False
SRR38978847.896158	1	1	3	0	60	MAPQ_ZERO_AMBIGUOUS	False
SRR38978847.900135	1	1	3	0	60	MAPQ_ZERO_AMBIGUOUS	False
SRR38978847.907611	1	1	3	0	60	MAPQ_ZERO_AMBIGUOUS	False
SRR38978847.910519	1	1	3	2	60	NON_UNIQUE_ANCHOR	False
SRR38978847.915089	1	1	3	0	60	MAPQ_ZERO_AMBIGUOUS	False
SRR38978847.916743	1	1	3	0	60	MAPQ_ZERO_AMBIGUOUS	False
SRR38978847.920668	2	2	8	0	60	COPY_AMBIGUOUS	False
SRR38978847.926161	1	1	3	3	60	NON_UNIQUE_ANCHOR	False
SRR38978847.938037	1	1	3	0	60	MAPQ_ZERO_AMBIGUOUS	False
SRR38978847.943351	1	1	5	0	60	MAPQ_ZERO_AMBIGUOUS	False
SRR38978847.948020	1	1	3	0	60	MAPQ_ZERO_AMBIGUOUS	False
SRR38978847.950426	1	1	3	0	60	MAPQ_ZERO_AMBIGUOUS	False
SRR38978847.951870	1	1	3	0	60	MAPQ_ZERO_AMBIGUOUS	False
SRR38978847.954814	1	1	3	0	60	MAPQ_ZERO_AMBIGUOUS	False
SRR38978847.957177	1	1	3	0	60	MAPQ_ZERO_AMBIGUOUS	False
SRR38978847.959015	1	1	3	0	60	MAPQ_ZERO_AMBIGUOUS	False
SRR38978847.963738	1	1	3	2	60	NON_UNIQUE_ANCHOR	False
SRR38978847.967576	1	1	3	0	60	MAPQ_ZERO_AMBIGUOUS	False
SRR38978847.968131	1	1	3	0	60	MAPQ_ZERO_AMBIGUOUS	False
SRR38978847.970044	1	1	3	0	60	MAPQ_ZERO_AMBIGUOUS	False
SRR38978847.973318	1	1	3	0	60	MAPQ_ZERO_AMBIGUOUS	False
SRR38978847.973925	1	1	3	1	60	NON_UNIQUE_ANCHOR	False
SRR38978847.977057	1	1	3	0	60	MAPQ_ZERO_AMBIGUOUS	False
SRR38978847.983213	1	1	3	0	60	MAPQ_ZERO_AMBIGUOUS	False
SRR38978847.983757	1	1	3	15	60	NON_UNIQUE_ANCHOR	False
SRR38978847.990545	1	1	3	0	60	MAPQ_ZERO_AMBIGUOUS	False
SRR38978847.993165	1	1	3	0	60	MAPQ_ZERO_AMBIGUOUS	False
SRR38978847.999535	1	1	3	0	60	MAPQ_ZERO_AMBIGUOUS	False
SRR38978847.1000657	1	1	3	1	60	NON_UNIQUE_ANCHOR	False
SRR38978847.1004600	1	1	3	0	60	MAPQ_ZERO_AMBIGUOUS	False
SRR38978847.1010834	1	1	3	0	60	MAPQ_ZERO_AMBIGUOUS	False
SRR38978847.1017682	1	1	3	0	60	MAPQ_ZERO_AMBIGUOUS	False
SRR38978847.1017700	1	1	3	0	60	MAPQ_ZERO_AMBIGUOUS	False
SRR38978847.1017728	1	1	3	0	60	MAPQ_ZERO_AMBIGUOUS	False
SRR38978847.1018742	1	1	3	0	60	MAPQ_ZERO_AMBIGUOUS	False
SRR38978847.1021189	1	1	3	0	60	MAPQ_ZERO_AMBIGUOUS	False
SRR38978847.1025980	1	1	3	0	60	MAPQ_ZERO_AMBIGUOUS	False
SRR38978847.1028395	1	1	3	0	60	MAPQ_ZERO_AMBIGUOUS	False
SRR38978847.1030264	1	1	3	0	60	MAPQ_ZERO_AMBIGUOUS	False
SRR38978847.1030504	1	1	3	0	60	MAPQ_ZERO_AMBIGUOUS	False
SRR38978847.1031895	1	1	3	0	60	MAPQ_ZERO_AMBIGUOUS	False
SRR38978847.1033735	1	1	3	0	60	MAPQ_ZERO_AMBIGUOUS	False
SRR38978847.1035352	1	1	3	0	60	MAPQ_ZERO_AMBIGUOUS	False
SRR38978847.1038039	1	1	3	0	60	MAPQ_ZERO_AMBIGUOUS	False
SRR38978847.1046660	1	1	3	0	60	MAPQ_ZERO_AMBIGUOUS	False
SRR38978847.1047057	1	1	3	0	60	MAPQ_ZERO_AMBIGUOUS	False
SRR38978847.1048297	1	1	3	0	60	MAPQ_ZERO_AMBIGUOUS	False
SRR38978847.1048564	1	1	3	0	60	MAPQ_ZERO_AMBIGUOUS	False
SRR38978847.1055688	1	1	3	0	60	MAPQ_ZERO_AMBIGUOUS	False
SRR38978847.1060001	1	1	5	0	60	MAPQ_ZERO_AMBIGUOUS	False
SRR38978847.1060027	1	1	3	1	60	NON_UNIQUE_ANCHOR	False
SRR38978847.1075731	1	1	3	0	60	MAPQ_ZERO_AMBIGUOUS	False
SRR38978847.1077943	1	1	3	0	60	MAPQ_ZERO_AMBIGUOUS	False
SRR38978847.1081090	1	1	3	60	60	NON_UNIQUE_ANCHOR	False
SRR38978847.1095111	1	1	3	0	60	MAPQ_ZERO_AMBIGUOUS	False
SRR38978847.1097644	1	1	3	0	60	MAPQ_ZERO_AMBIGUOUS	False
SRR38978847.1101642	1	1	3	0	60	MAPQ_ZERO_AMBIGUOUS	False
SRR38978847.1103110	1	1	3	0	60	MAPQ_ZERO_AMBIGUOUS	False
SRR38978847.1106914	1	1	3	0	60	MAPQ_ZERO_AMBIGUOUS	False
SRR38978847.1109084	1	1	3	0	60	MAPQ_ZERO_AMBIGUOUS	False
SRR38978847.1114931	1	1	3	0	60	MAPQ_ZERO_AMBIGUOUS	False
SRR38978847.1115347	1	1	3	0	60	MAPQ_ZERO_AMBIGUOUS	False
SRR38978847.1116865	1	1	3	1	60	NON_UNIQUE_ANCHOR	False
SRR38978847.1116987	1	1	3	0	60	MAPQ_ZERO_AMBIGUOUS	False
SRR38978847.1118417	1	1	3	0	60	MAPQ_ZERO_AMBIGUOUS	False
SRR38978847.1119810	1	1	3	0	60	MAPQ_ZERO_AMBIGUOUS	False
SRR38978847.1122523	1	1	3	0	60	MAPQ_ZERO_AMBIGUOUS	False
SRR38978847.1126784	1	1	3	0	60	MAPQ_ZERO_AMBIGUOUS	False
SRR38978847.1128887	1	1	3	0	60	MAPQ_ZERO_AMBIGUOUS	False
SRR38978847.1133203	1	1	3	0	60	MAPQ_ZERO_AMBIGUOUS	False
SRR38978847.1134050	1	1	3	1	60	NON_UNIQUE_ANCHOR	False
SRR38978847.1140465	1	1	3	0	60	MAPQ_ZERO_AMBIGUOUS	False
SRR38978847.1145128	1	1	3	0	60	MAPQ_ZERO_AMBIGUOUS	False
SRR38978847.1146975	1	1	3	0	60	MAPQ_ZERO_AMBIGUOUS	False
SRR38978847.1154595	1	1	3	1	60	NON_UNIQUE_ANCHOR	False
SRR38978847.1155364	1	1	3	0	60	MAPQ_ZERO_AMBIGUOUS	False
SRR38978847.1155602	1	1	3	0	60	MAPQ_ZERO_AMBIGUOUS	False
SRR38978847.1155748	1	1	3	0	60	MAPQ_ZERO_AMBIGUOUS	False
SRR38978847.1161332	1	1	3	0	60	MAPQ_ZERO_AMBIGUOUS	False
SRR38978847.1161753	2	2	6	1	60	COPY_AMBIGUOUS	False
SRR38978847.1167453	1	1	3	0	60	MAPQ_ZERO_AMBIGUOUS	False
SRR38978847.1167835	1	1	3	0	60	MAPQ_ZERO_AMBIGUOUS	False
SRR38978847.1170351	1	1	3	0	60	MAPQ_ZERO_AMBIGUOUS	False
SRR38978847.1171793	1	1	3	0	60	MAPQ_ZERO_AMBIGUOUS	False
SRR38978847.1174531	1	1	3	0	60	MAPQ_ZERO_AMBIGUOUS	False
SRR38978847.1179914	1	1	3	0	60	MAPQ_ZERO_AMBIGUOUS	False
SRR38978847.1179961	1	1	3	0	60	MAPQ_ZERO_AMBIGUOUS	False
SRR38978847.1187226	1	1	3	6	60	NON_UNIQUE_ANCHOR	False
SRR38978847.1203229	1	1	3	0	60	MAPQ_ZERO_AMBIGUOUS	False
SRR38978847.1210485	1	1	3	0	60	MAPQ_ZERO_AMBIGUOUS	False
SRR38978847.1213484	1	1	3	1	60	NON_UNIQUE_ANCHOR	False
SRR38978847.1215398	1	1	3	0	60	MAPQ_ZERO_AMBIGUOUS	False
SRR38978847.1217653	1	1	3	0	60	MAPQ_ZERO_AMBIGUOUS	False
SRR38978847.1227835	1	1	3	0	60	MAPQ_ZERO_AMBIGUOUS	False
SRR38978847.1229176	1	1	3	0	60	MAPQ_ZERO_AMBIGUOUS	False
SRR38978847.1231440	1	1	3	0	60	MAPQ_ZERO_AMBIGUOUS	False
SRR38978847.1233168	1	1	3	0	60	MAPQ_ZERO_AMBIGUOUS	False
SRR38978847.1236049	1	1	3	0	60	MAPQ_ZERO_AMBIGUOUS	False
SRR38978847.1236240	1	1	3	0	60	MAPQ_ZERO_AMBIGUOUS	False
SRR38978847.1236855	1	1	3	0	60	MAPQ_ZERO_AMBIGUOUS	False
SRR38978847.1239439	1	1	3	1	60	NON_UNIQUE_ANCHOR	False
SRR38978847.1241611	1	1	3	0	60	MAPQ_ZERO_AMBIGUOUS	False
SRR38978847.1244759	1	1	3	0	60	MAPQ_ZERO_AMBIGUOUS	False
SRR38978847.1245893	1	1	3	0	60	MAPQ_ZERO_AMBIGUOUS	False
SRR38978847.1251467	1	1	3	0	60	MAPQ_ZERO_AMBIGUOUS	False
SRR38978847.1253303	1	1	3	0	60	MAPQ_ZERO_AMBIGUOUS	False
SRR38978847.1255591	1	1	3	0	60	MAPQ_ZERO_AMBIGUOUS	False
SRR38978847.1261179	1	1	3	0	60	MAPQ_ZERO_AMBIGUOUS	False
SRR38978847.1272674	1	1	3	0	60	MAPQ_ZERO_AMBIGUOUS	False
SRR38978847.1275390	1	1	3	0	60	MAPQ_ZERO_AMBIGUOUS	False
SRR38978847.1281201	1	1	3	0	60	MAPQ_ZERO_AMBIGUOUS	False
SRR38978847.1281676	1	1	3	0	60	MAPQ_ZERO_AMBIGUOUS	False
SRR38978847.1282724	1	1	3	0	60	MAPQ_ZERO_AMBIGUOUS	False
SRR38978847.1285409	1	1	3	0	60	MAPQ_ZERO_AMBIGUOUS	False
SRR38978847.1285979	1	1	3	0	60	MAPQ_ZERO_AMBIGUOUS	False
SRR38978847.1287686	1	1	3	0	60	MAPQ_ZERO_AMBIGUOUS	False
SRR38978847.1292282	1	1	3	0	60	MAPQ_ZERO_AMBIGUOUS	False
SRR38978847.1296070	1	1	3	2	60	NON_UNIQUE_ANCHOR	False
SRR38978847.1310296	1	1	3	2	60	NON_UNIQUE_ANCHOR	False
SRR38978847.1310411	1	1	3	0	60	MAPQ_ZERO_AMBIGUOUS	False
SRR38978847.1312255	1	1	3	0	60	MAPQ_ZERO_AMBIGUOUS	False
SRR38978847.1316852	1	1	4	0	60	MAPQ_ZERO_AMBIGUOUS	False
SRR38978847.1320916	1	1	3	0	60	MAPQ_ZERO_AMBIGUOUS	False
SRR38978847.1324337	1	1	3	0	60	MAPQ_ZERO_AMBIGUOUS	False
SRR38978847.1327403	1	1	3	0	60	MAPQ_ZERO_AMBIGUOUS	False
SRR38978847.1329154	1	1	3	0	60	MAPQ_ZERO_AMBIGUOUS	False
SRR38978847.1337662	1	1	3	0	60	MAPQ_ZERO_AMBIGUOUS	False
SRR38978847.1337933	1	1	3	0	60	MAPQ_ZERO_AMBIGUOUS	False
SRR38978847.1347722	1	1	3	0	60	MAPQ_ZERO_AMBIGUOUS	False
SRR38978847.1350480	1	1	3	0	60	MAPQ_ZERO_AMBIGUOUS	False
SRR38978847.1351230	1	1	3	0	60	MAPQ_ZERO_AMBIGUOUS	False
SRR38978847.1356981	1	1	3	1	60	NON_UNIQUE_ANCHOR	False
SRR38978847.1363148	1	1	5	0	60	MAPQ_ZERO_AMBIGUOUS	False
SRR38978847.1364106	1	1	3	0	60	MAPQ_ZERO_AMBIGUOUS	False
SRR38978847.1365436	1	1	3	0	60	MAPQ_ZERO_AMBIGUOUS	False
SRR38978847.1373902	1	1	3	0	60	MAPQ_ZERO_AMBIGUOUS	False
SRR38978847.1374672	1	1	3	0	60	MAPQ_ZERO_AMBIGUOUS	False
SRR38978847.1377165	1	1	3	0	60	MAPQ_ZERO_AMBIGUOUS	False
SRR38978847.1380435	1	1	3	0	60	MAPQ_ZERO_AMBIGUOUS	False
SRR38978847.1382857	1	1	3	0	60	MAPQ_ZERO_AMBIGUOUS	False
SRR38978847.1383834	1	1	3	0	60	MAPQ_ZERO_AMBIGUOUS	False
SRR38978847.1384250	1	1	3	0	60	MAPQ_ZERO_AMBIGUOUS	False
SRR38978847.1384868	1	1	3	0	60	MAPQ_ZERO_AMBIGUOUS	False
SRR38978847.1390133	1	1	3	0	60	MAPQ_ZERO_AMBIGUOUS	False
SRR38978847.1392025	1	1	3	0	60	MAPQ_ZERO_AMBIGUOUS	False
SRR38978847.1392568	1	1	3	0	60	MAPQ_ZERO_AMBIGUOUS	False
SRR38978847.1398268	2	2	6	0	60	COPY_AMBIGUOUS	False
SRR38978847.1421545	2	2	6	0	60	COPY_AMBIGUOUS	False
SRR38978847.1422320	1	1	3	0	60	MAPQ_ZERO_AMBIGUOUS	False
SRR38978847.1434774	1	1	3	0	60	MAPQ_ZERO_AMBIGUOUS	False
SRR38978847.1441889	1	1	3	0	60	MAPQ_ZERO_AMBIGUOUS	False
SRR38978847.1446179	2	1	6	0	60	COPY_AMBIGUOUS	False
SRR38978847.1446210	1	1	5	0	60	MAPQ_ZERO_AMBIGUOUS	False
SRR38978847.1448354	1	1	3	0	60	MAPQ_ZERO_AMBIGUOUS	False
SRR38978847.1448624	1	1	3	0	60	MAPQ_ZERO_AMBIGUOUS	False
SRR38978847.1449274	1	1	3	0	60	MAPQ_ZERO_AMBIGUOUS	False
SRR38978847.1450664	1	1	3	4	60	NON_UNIQUE_ANCHOR	False
SRR38978847.1453761	1	1	3	0	60	MAPQ_ZERO_AMBIGUOUS	False
SRR38978847.1460054	1	1	3	0	60	MAPQ_ZERO_AMBIGUOUS	False
SRR38978847.1463683	1	1	3	0	60	MAPQ_ZERO_AMBIGUOUS	False
SRR38978847.1463731	1	1	3	6	60	NON_UNIQUE_ANCHOR	False
SRR38978847.1466202	1	1	3	0	60	MAPQ_ZERO_AMBIGUOUS	False
SRR38978847.1471671	1	1	3	0	60	MAPQ_ZERO_AMBIGUOUS	False
SRR38978847.1472215	1	1	3	0	60	MAPQ_ZERO_AMBIGUOUS	False
SRR38978847.1475012	1	1	3	0	60	MAPQ_ZERO_AMBIGUOUS	False
SRR38978847.1475057	1	1	3	0	60	MAPQ_ZERO_AMBIGUOUS	False
SRR38978847.1475086	1	1	3	2	60	NON_UNIQUE_ANCHOR	False
SRR38978847.1477708	1	1	3	0	60	MAPQ_ZERO_AMBIGUOUS	False
SRR38978847.1479746	1	1	3	0	60	MAPQ_ZERO_AMBIGUOUS	False
SRR38978847.1480499	1	1	3	0	60	MAPQ_ZERO_AMBIGUOUS	False
SRR38978847.1482004	1	1	3	0	60	MAPQ_ZERO_AMBIGUOUS	False
SRR38978847.1483085	1	1	3	0	60	MAPQ_ZERO_AMBIGUOUS	False
SRR38978847.1489724	1	1	3	0	60	MAPQ_ZERO_AMBIGUOUS	False
SRR38978847.1493607	1	1	3	10	60	NON_UNIQUE_ANCHOR	False
SRR38978847.1494562	1	1	3	0	60	MAPQ_ZERO_AMBIGUOUS	False
SRR38978847.1496537	1	1	3	0	60	MAPQ_ZERO_AMBIGUOUS	False
SRR38978847.1507239	1	1	3	4	60	NON_UNIQUE_ANCHOR	False
SRR38978847.1509240	1	1	3	0	60	MAPQ_ZERO_AMBIGUOUS	False
SRR38978847.1515955	1	1	3	0	60	MAPQ_ZERO_AMBIGUOUS	False
SRR38978847.1517362	1	1	3	0	60	MAPQ_ZERO_AMBIGUOUS	False
SRR38978847.1523856	1	1	3	0	60	MAPQ_ZERO_AMBIGUOUS	False
SRR38978847.1525031	2	2	6	1	60	COPY_AMBIGUOUS	False
SRR38978847.1527959	1	1	3	1	60	NON_UNIQUE_ANCHOR	False
SRR38978847.1528664	1	1	3	0	60	MAPQ_ZERO_AMBIGUOUS	False
SRR38978847.1529983	1	1	3	0	60	MAPQ_ZERO_AMBIGUOUS	False
SRR38978847.1535443	1	1	3	0	60	MAPQ_ZERO_AMBIGUOUS	False
SRR38978847.1548182	1	1	3	0	60	MAPQ_ZERO_AMBIGUOUS	False
SRR38978847.1549095	1	1	3	0	60	MAPQ_ZERO_AMBIGUOUS	False
SRR38978847.1555455	1	1	3	0	60	MAPQ_ZERO_AMBIGUOUS	False
SRR38978847.1560192	1	1	3	0	60	MAPQ_ZERO_AMBIGUOUS	False
SRR38978847.1562393	1	1	3	0	60	MAPQ_ZERO_AMBIGUOUS	False
SRR38978847.1566529	1	1	3	0	60	MAPQ_ZERO_AMBIGUOUS	False
SRR38978847.1568426	1	1	3	0	60	MAPQ_ZERO_AMBIGUOUS	False
SRR38978847.1595110	1	1	3	0	60	MAPQ_ZERO_AMBIGUOUS	False
SRR38978847.1596832	1	1	5	0	60	MAPQ_ZERO_AMBIGUOUS	False
SRR38978847.1598051	1	1	3	60	60	NON_UNIQUE_ANCHOR	False
SRR38978847.1599511	1	1	5	0	60	MAPQ_ZERO_AMBIGUOUS	False
SRR38978847.1600961	1	1	3	0	60	MAPQ_ZERO_AMBIGUOUS	False
SRR38978847.1609944	1	1	3	0	60	MAPQ_ZERO_AMBIGUOUS	False
SRR38978847.1614182	1	1	3	0	60	MAPQ_ZERO_AMBIGUOUS	False
SRR38978847.1621912	1	1	3	0	60	MAPQ_ZERO_AMBIGUOUS	False
SRR38978847.1623989	1	1	3	0	60	MAPQ_ZERO_AMBIGUOUS	False
SRR38978847.1626394	1	1	3	0	60	MAPQ_ZERO_AMBIGUOUS	False
SRR38978847.1628369	1	1	3	0	60	MAPQ_ZERO_AMBIGUOUS	False
SRR38978847.1634836	1	1	3	0	60	MAPQ_ZERO_AMBIGUOUS	False
SRR38978847.1635046	1	1	3	0	60	MAPQ_ZERO_AMBIGUOUS	False
SRR38978847.1636136	1	1	3	0	60	MAPQ_ZERO_AMBIGUOUS	False
SRR38978847.1638454	1	1	3	0	60	MAPQ_ZERO_AMBIGUOUS	False
SRR38978847.1648704	1	1	3	0	60	MAPQ_ZERO_AMBIGUOUS	False
SRR38978847.1652270	1	1	3	0	60	MAPQ_ZERO_AMBIGUOUS	False
SRR38978847.1652874	1	1	3	0	60	MAPQ_ZERO_AMBIGUOUS	False
SRR38978847.1652878	1	1	3	0	60	MAPQ_ZERO_AMBIGUOUS	False
SRR38978847.1656087	1	1	3	0	60	MAPQ_ZERO_AMBIGUOUS	False
SRR38978847.1656881	1	1	3	0	60	MAPQ_ZERO_AMBIGUOUS	False
SRR38978847.1658897	1	1	3	0	60	MAPQ_ZERO_AMBIGUOUS	False
SRR38978847.1659042	1	1	3	0	60	MAPQ_ZERO_AMBIGUOUS	False
SRR38978847.1665133	1	1	3	8	60	NON_UNIQUE_ANCHOR	False
SRR38978847.1668475	1	1	3	0	60	MAPQ_ZERO_AMBIGUOUS	False
SRR38978847.1671931	1	1	3	0	60	MAPQ_ZERO_AMBIGUOUS	False
SRR38978847.1675438	1	1	3	0	60	MAPQ_ZERO_AMBIGUOUS	False
SRR38978847.1681591	1	1	3	0	60	MAPQ_ZERO_AMBIGUOUS	False
SRR38978847.1684398	1	1	3	0	60	MAPQ_ZERO_AMBIGUOUS	False
SRR38978847.1684748	1	1	3	0	60	MAPQ_ZERO_AMBIGUOUS	False
SRR38978847.1687724	1	1	3	0	60	MAPQ_ZERO_AMBIGUOUS	False
SRR38978847.1696279	1	1	3	0	60	MAPQ_ZERO_AMBIGUOUS	False
SRR38978847.1697059	1	1	3	0	60	MAPQ_ZERO_AMBIGUOUS	False
SRR38978847.1716445	1	1	3	0	60	MAPQ_ZERO_AMBIGUOUS	False
SRR38978847.1716700	1	1	5	0	60	MAPQ_ZERO_AMBIGUOUS	False
SRR38978847.1716996	1	1	3	0	60	MAPQ_ZERO_AMBIGUOUS	False
SRR38978847.1717044	1	1	3	0	60	MAPQ_ZERO_AMBIGUOUS	False
SRR38978847.1717549	1	1	3	0	60	MAPQ_ZERO_AMBIGUOUS	False
SRR38978847.1719227	1	1	3	0	60	MAPQ_ZERO_AMBIGUOUS	False
SRR38978847.1721913	1	1	3	0	60	MAPQ_ZERO_AMBIGUOUS	False
SRR38978847.1725736	1	1	3	1	60	NON_UNIQUE_ANCHOR	False
SRR38978847.1729899	1	1	3	0	60	MAPQ_ZERO_AMBIGUOUS	False
SRR38978847.1731991	1	1	3	4	60	NON_UNIQUE_ANCHOR	False
SRR38978847.1732606	1	1	3	0	60	MAPQ_ZERO_AMBIGUOUS	False
SRR38978847.1733415	1	1	3	0	60	MAPQ_ZERO_AMBIGUOUS	False
SRR38978847.1734863	1	1	3	0	60	MAPQ_ZERO_AMBIGUOUS	False
SRR38978847.1736284	1	1	3	2	60	NON_UNIQUE_ANCHOR	False
SRR38978847.1736295	1	1	3	0	60	MAPQ_ZERO_AMBIGUOUS	False
SRR38978847.1737070	1	1	3	0	60	MAPQ_ZERO_AMBIGUOUS	False
SRR38978847.1740634	1	1	3	0	60	MAPQ_ZERO_AMBIGUOUS	False
SRR38978847.1742441	1	1	3	0	39	MAPQ_ZERO_AMBIGUOUS	False
SRR38978847.1743164	1	1	3	0	60	MAPQ_ZERO_AMBIGUOUS	False
SRR38978847.1743670	1	1	3	0	60	MAPQ_ZERO_AMBIGUOUS	False
SRR38978847.1745135	1	1	3	0	60	MAPQ_ZERO_AMBIGUOUS	False
SRR38978847.1753243	1	1	3	0	60	MAPQ_ZERO_AMBIGUOUS	False
SRR38978847.1754081	1	1	3	0	60	MAPQ_ZERO_AMBIGUOUS	False
SRR38978847.1756176	1	1	3	4	60	NON_UNIQUE_ANCHOR	False
SRR38978847.1758377	1	1	3	0	60	MAPQ_ZERO_AMBIGUOUS	False
SRR38978847.1762976	1	1	3	0	60	MAPQ_ZERO_AMBIGUOUS	False
SRR38978847.1765738	1	1	3	0	60	MAPQ_ZERO_AMBIGUOUS	False
SRR38978847.1772598	1	1	3	0	60	MAPQ_ZERO_AMBIGUOUS	False
SRR38978847.1773232	1	1	3	0	60	MAPQ_ZERO_AMBIGUOUS	False
SRR38978847.1776318	1	1	3	0	60	MAPQ_ZERO_AMBIGUOUS	False
SRR38978847.1777504	1	1	3	0	60	MAPQ_ZERO_AMBIGUOUS	False
SRR38978847.1780101	1	1	3	0	60	MAPQ_ZERO_AMBIGUOUS	False
SRR38978847.1781664	1	1	3	0	60	MAPQ_ZERO_AMBIGUOUS	False
